UF;Idade;Sexo;Cor;EstadoCivil;NotaCN;NotaCH;NotaLC;NotaMT;NotaRED;InstrPai;InstrMae;NPessoas;Renda;EscolaEM;TurnoEM
MA;20;F;PPI;Solteiro;419.3;599.4;556.2;426;360;Não Informado;D;5;2. 1 a 3 SM;Publica/Privada;B
MA;40;F;PPI;Outro;390.5;430.7;365.5;436.4;380;Não Informado;B;5;2. 1 a 3 SM;Somente Publica;C
MA;18;M;PPI;Solteiro;446.3;523.2;507.7;347.1;460;Não Informado;H;8;1. Ate 1 SM;Somente Publica;A
MA;20;F;PPI;Solteiro;474.4;574.2;533.4;410;640;Não Informado;E;4;2. 1 a 3 SM;Somente Privada;A
MA;17;M;PPI;Solteiro;458.7;515;532.6;448.7;520;Fundamental;E;3;1. Ate 1 SM;Somente Publica;A
MA;19;M;PPI;Solteiro;424;489.2;431;354;480;Fundamental;E;5;1. Ate 1 SM;Somente Publica;A
MA;19;F;PPI;Solteiro;466.4;516.5;529;408.8;640;Fundamental;C;2;2. 1 a 3 SM;Somente Publica;A
MA;47;M;Não PPI;Solteiro;491.4;716.1;706.8;528.2;800;Medio;E;2;2. 1 a 3 SM;Somente Privada;A
MA;21;F;PPI;Solteiro;489.3;479.1;511;411;760;Fundamental;C;3;2. 1 a 3 SM;Somente Publica;A
MA;17;M;Não PPI;Solteiro;361.8;439.2;435.7;384.6;260;Fundamental;D;4;1. Ate 1 SM;Somente Publica;A
MA;32;F;Não PPI;Solteiro;500.5;614.7;532.6;448.4;660;Medio;E;6;2. 1 a 3 SM;Somente Privada;A
MA;20;M;PPI;Solteiro;437.9;643.2;536.8;432.1;680;Fundamental;F;3;4. 5 a 10 SM;Somente Publica;A
MA;24;M;PPI;Solteiro;380.6;502.5;451.5;439.5;480;Fundamental;A;3;1. Ate 1 SM;Somente Publica;C
MA;19;M;PPI;Solteiro;369;419;324.8;345.4;360;Fundamental;C;5;1. Ate 1 SM;Somente Publica;C
MA;34;F;Não PPI;Solteiro;504.9;588.4;567.4;508;640;Fundamental;E;5;2. 1 a 3 SM;Somente Privada;A
MA;19;M;Não PPI;Solteiro;573.3;624.2;577.8;505.1;560;Medio;E;4;4. 5 a 10 SM;Somente Publica;A
MA;18;F;PPI;Solteiro;400.2;532.9;429.8;384.9;520;Medio;E;4;1. Ate 1 SM;Somente Publica;A
MA;31;F;PPI;Outro;388.6;597.6;494.9;433;600;Fundamental;B;3;2. 1 a 3 SM;Somente Publica;B
MA;17;M;PPI;Solteiro;427.9;548.1;505.8;460.1;520;Medio;E;3;2. 1 a 3 SM;Somente Publica;A
MA;33;F;PPI;Solteiro;440.6;512.6;411;334.1;420;Fundamental;A;4;1. Ate 1 SM;Somente Publica;C
MA;23;F;PPI;Solteiro;450.9;441;430.6;359.7;480;Fundamental;C;11;1. Ate 1 SM;Somente Publica;C
MA;18;F;PPI;Solteiro;339.9;523.2;473.9;461.9;500;Medio;F;4;2. 1 a 3 SM;Somente Publica;A
MA;18;F;PPI;Solteiro;529;563.2;487.3;439.1;520;Medio;E;4;1. Ate 1 SM;Somente Publica;A
MA;19;F;PPI;Solteiro;401.4;441.5;413.3;403;420;Fundamental;G;5;2. 1 a 3 SM;Somente Publica;A
MA;18;M;PPI;Solteiro;457.3;555.8;412.3;391.4;560;Fundamental;B;7;1. Ate 1 SM;Somente Publica;C
MA;24;M;Não PPI;Outro;596.8;661.9;569;721.8;760;Fundamental;E;3;3. 3 a 5 SM;Somente Publica;B
MA;19;F;PPI;Solteiro;410;510.2;434.6;378.6;280;Fundamental;E;5;1. Ate 1 SM;Somente Publica;A
MA;27;F;PPI;Solteiro;419.3;543.8;486;407;540;Medio;E;6;2. 1 a 3 SM;Somente Publica;A
MA;17;M;Não PPI;Solteiro;645.9;661.6;671.3;750.7;840;Superior;G;3;5. 10 ou mais;Somente Privada;A
MA;32;M;Não PPI;Solteiro;437.5;404.8;422.2;332.7;120;Fundamental;A;3;1. Ate 1 SM;Somente Publica;A
MA;19;M;Não PPI;Solteiro;458.4;527;471.1;331.7;420;Fundamental;C;5;2. 1 a 3 SM;Somente Publica;A
MA;25;F;PPI;Outro;384.7;404.9;408.8;332.6;380;Fundamental;C;2;2. 1 a 3 SM;Somente Publica;A
MA;18;M;PPI;Solteiro;443.9;533.2;428.1;438.8;600;Medio;D;8;2. 1 a 3 SM;Somente Publica;A
MA;17;M;PPI;Solteiro;401.9;521;453.5;420.6;420;Fundamental;E;4;1. Ate 1 SM;Somente Publica;A
MA;19;F;PPI;Solteiro;428.7;455.8;450.7;555.5;460;Fundamental;C;3;1. Ate 1 SM;Somente Publica;A
MA;31;F;PPI;Solteiro;460.3;473.5;520.1;409.7;0;Medio;E;4;2. 1 a 3 SM;Somente Publica;A
MA;25;F;PPI;Solteiro;380.8;466.7;391.6;423.8;400;Fundamental;C;4;1. Ate 1 SM;Somente Publica;B
MA;17;F;PPI;Solteiro;404;533.7;454;353.8;560;Fundamental;F;4;2. 1 a 3 SM;Publica/Privada;A
MA;18;M;PPI;Solteiro;358.8;475.3;358.3;355.1;420;Fundamental;C;7;1. Ate 1 SM;Somente Publica;C
MA;23;F;Não PPI;Solteiro;378.9;546.3;501.6;355.5;400;Medio;E;3;2. 1 a 3 SM;Somente Privada;A
MA;19;M;PPI;Solteiro;440;538.2;502.1;458.3;540;Fundamental;A;3;1. Ate 1 SM;Somente Publica;B
MA;18;M;PPI;Solteiro;504.7;575.9;481.9;430;600;Não Informado;H;6;2. 1 a 3 SM;Somente Publica;A
MA;37;F;Não PPI;Outro;403.8;491.2;509.6;347.3;500;Fundamental;B;3;2. 1 a 3 SM;Somente Publica;A
MA;20;M;PPI;Solteiro;476.3;555.8;533.9;439.3;420;Medio;E;3;2. 1 a 3 SM;Somente Publica;A
MA;17;M;PPI;Solteiro;424.1;446.8;439.9;489.7;480;Fundamental;D;4;2. 1 a 3 SM;Somente Publica;A
MA;26;F;Não PPI;Outro;483.9;527.6;544.2;485.5;520;Fundamental;E;5;2. 1 a 3 SM;Somente Publica;A
MA;17;F;PPI;Solteiro;421.5;451.2;412.7;535.1;520;Não Informado;E;10;1. Ate 1 SM;Somente Publica;A
MA;18;F;PPI;Solteiro;382.9;527.1;471.4;523.7;360;Fundamental;C;6;1. Ate 1 SM;Somente Publica;B
MA;53;M;PPI;Outro;389.3;576.3;545.2;530.3;480;Fundamental;B;3;1. Ate 1 SM;Somente Publica;C
MA;18;F;PPI;Solteiro;432.2;508.3;471.4;398.5;540;Medio;D;3;1. Ate 1 SM;Somente Publica;A
MA;20;F;PPI;Solteiro;446.5;522.9;508.3;340.3;500;Fundamental;C;3;1. Ate 1 SM;Somente Publica;A
MA;30;F;PPI;Solteiro;519.8;557.9;525.3;369.5;640;Medio;E;8;2. 1 a 3 SM;Somente Publica;A
MA;21;F;Não PPI;Solteiro;560.8;617;585.5;480.3;700;Fundamental;E;4;2. 1 a 3 SM;Publica/Privada;A
MA;30;F;Não PPI;Solteiro;513.9;642.6;598.1;578.1;620;Superior;E;4;2. 1 a 3 SM;Publica/Privada;A
MA;20;M;PPI;Solteiro;517.3;568.4;478.6;361.2;560;Medio;E;4;2. 1 a 3 SM;Somente Publica;A
MA;26;F;Não PPI;Outro;559.3;603.2;562.2;455.4;760;Medio;C;2;3. 3 a 5 SM;Somente Publica;A
MA;20;M;PPI;Solteiro;417.3;566.1;514.4;445.4;760;Medio;E;5;2. 1 a 3 SM;Somente Publica;A
MA;17;M;PPI;Solteiro;462.5;517;479.3;425.6;580;Fundamental;G;5;2. 1 a 3 SM;Somente Publica;A
MA;18;F;PPI;Solteiro;401.4;554.4;538.5;499.3;640;Fundamental;B;5;1. Ate 1 SM;Somente Publica;A
MA;17;M;PPI;Solteiro;398;556.8;470.5;387.3;300;Fundamental;B;4;2. 1 a 3 SM;Somente Publica;A
MA;18;F;PPI;Solteiro;369.4;453.7;394.9;341.4;440;Não Informado;H;4;1. Ate 1 SM;Somente Publica;A
MA;19;M;Não PPI;Solteiro;407.5;503.6;405;393.4;440;Medio;F;3;1. Ate 1 SM;Somente Publica;A
MA;33;F;PPI;Solteiro;550.6;597.1;483.2;373.4;520;Fundamental;C;4;2. 1 a 3 SM;Somente Publica;A
MA;22;F;PPI;Solteiro;628.3;672.5;601.3;717.2;940;Medio;E;5;2. 1 a 3 SM;Publica/Privada;A
MA;23;M;PPI;Outro;460.2;558.1;500.8;357.9;380;Fundamental;C;6;2. 1 a 3 SM;Somente Publica;C
MA;25;F;PPI;Solteiro;461.4;636.9;588.6;381.1;440;Medio;D;4;2. 1 a 3 SM;Somente Publica;A
MA;18;F;Não PPI;Solteiro;423.2;525.9;467.7;351.1;640;Medio;B;4;2. 1 a 3 SM;Somente Publica;A
MA;22;F;PPI;Solteiro;426.8;489.2;552.4;409;560;Não Informado;E;3;1. Ate 1 SM;Somente Publica;A
MA;16;F;PPI;Solteiro;521.9;558.7;537.5;407.6;600;Medio;G;4;2. 1 a 3 SM;Somente Publica;A
MA;21;M;Não PPI;Solteiro;540.5;681.2;662.5;601.5;860;Medio;E;2;4. 5 a 10 SM;Somente Privada;A
MA;31;M;Não PPI;Solteiro;485;548.6;505.5;399.8;400;Fundamental;E;4;2. 1 a 3 SM;Somente Publica;A
MA;20;M;PPI;Solteiro;422.2;643.2;573;417.9;420;Não Informado;B;4;1. Ate 1 SM;Publica/Privada;A
MA;24;F;PPI;NA;475.4;607.8;571.7;502.1;580;Fundamental;A;2;2. 1 a 3 SM;Somente Publica;A
MA;19;M;Não PPI;Solteiro;403.3;567.9;469.4;455.8;440;Não Informado;C;3;1. Ate 1 SM;Somente Publica;A
MA;20;F;PPI;Solteiro;420.6;541.7;455.4;357.3;560;Fundamental;B;3;2. 1 a 3 SM;Somente Publica;B
MA;27;F;Não PPI;Solteiro;422.8;615;585.2;506.9;520;Superior;D;3;2. 1 a 3 SM;Somente Publica;A
MA;31;F;Não PPI;Solteiro;510.3;536;566.7;333.5;520;Superior;D;3;2. 1 a 3 SM;Somente Privada;A
MA;19;F;Não PPI;Solteiro;451;538.8;564.2;538.9;560;Fundamental;D;4;2. 1 a 3 SM;Somente Publica;A
MA;25;F;Não PPI;Solteiro;380;536.3;514.2;415.6;400;Medio;E;2;2. 1 a 3 SM;Somente Publica;C
MA;25;M;PPI;Outro;490;600.5;471.9;400.2;480;Fundamental;D;2;1. Ate 1 SM;Somente Publica;A
MA;21;M;Não PPI;Solteiro;446.9;406.2;341.8;377.1;300;Medio;E;4;1. Ate 1 SM;Somente Publica;A
MA;32;F;PPI;Solteiro;533.2;562.5;533.5;406.6;520;Fundamental;F;7;1. Ate 1 SM;Somente Publica;B
MA;17;M;PPI;Solteiro;579.4;606.2;547.8;492.8;760;Medio;E;3;2. 1 a 3 SM;Somente Privada;B
MA;23;F;PPI;Solteiro;401.2;567.6;528.6;469.1;360;Fundamental;D;8;2. 1 a 3 SM;Somente Publica;A
MA;21;F;PPI;Solteiro;525.3;535.3;505.8;458.6;460;Fundamental;D;4;1. Ate 1 SM;Somente Publica;A
MA;18;M;PPI;Solteiro;401.5;588.4;462.1;415.2;480;Fundamental;C;6;2. 1 a 3 SM;Somente Publica;A
MA;23;F;Não PPI;Solteiro;434;485.4;451.5;479.8;580;Fundamental;C;5;2. 1 a 3 SM;Somente Publica;A
MA;32;F;PPI;Solteiro;501.1;597.6;518.5;411.7;580;Fundamental;B;4;1. Ate 1 SM;Somente Publica;C
MA;26;F;PPI;Solteiro;394.3;508.2;501.7;355.2;480;Não Informado;C;4;2. 1 a 3 SM;Somente Publica;B
MA;19;F;Não PPI;Solteiro;534.1;582.6;524.8;429.8;580;Fundamental;B;8;2. 1 a 3 SM;Somente Publica;A
MA;18;M;PPI;Solteiro;603.4;629.6;596;406.7;680;Fundamental;G;5;5. 10 ou mais;Somente Privada;A
MA;17;F;PPI;Solteiro;440.6;487.8;482.1;390.3;560;Fundamental;B;4;1. Ate 1 SM;Somente Publica;A
MA;32;M;Não PPI;Solteiro;469.4;600.6;495.7;460.2;640;Medio;D;3;2. 1 a 3 SM;Somente Publica;C
MA;28;M;Não PPI;NA;437.7;590.1;448.6;507.3;520;Fundamental;D;4;2. 1 a 3 SM;Somente Publica;A
MA;18;M;Não PPI;Solteiro;424.2;457.2;518.3;606.6;540;Medio;G;6;2. 1 a 3 SM;Somente Publica;A
MA;40;F;PPI;Outro;372.5;434.6;435.6;393.8;220;Fundamental;A;5;2. 1 a 3 SM;Somente Publica;B
MA;25;F;PPI;Solteiro;449.2;396;384.5;439.8;580;Fundamental;B;1;1. Ate 1 SM;Somente Publica;C
MA;18;M;PPI;Solteiro;432.4;576.6;490.7;517.9;580;Fundamental;E;4;1. Ate 1 SM;Somente Publica;A
MA;24;F;Não PPI;Solteiro;514.3;596.3;576.5;437.4;500;Fundamental;E;6;2. 1 a 3 SM;Somente Publica;A
MA;17;F;PPI;Solteiro;420.6;446.3;345.6;462.1;420;Fundamental;D;3;1. Ate 1 SM;Somente Publica;A
MA;19;M;PPI;Solteiro;444.6;485;417.9;343.6;340;Fundamental;C;8;2. 1 a 3 SM;Somente Publica;A
MA;18;M;PPI;Solteiro;435.1;571.5;455;421.1;400;Medio;E;3;2. 1 a 3 SM;Somente Publica;B
MA;26;M;PPI;Solteiro;491.3;486;336.8;395.9;360;Fundamental;A;6;1. Ate 1 SM;Somente Publica;C
MA;18;F;PPI;Solteiro;515.6;561.1;462.4;440.9;520;Fundamental;D;4;2. 1 a 3 SM;Somente Publica;A
MA;19;F;PPI;Solteiro;391.3;533.6;405.7;373.2;460;Fundamental;D;5;1. Ate 1 SM;Somente Publica;A
MA;31;F;PPI;Solteiro;515;525.9;474.4;408.7;480;Fundamental;D;1;1. Ate 1 SM;Somente Publica;B
MA;21;F;PPI;Solteiro;441.9;513.3;469.5;376.3;540;Fundamental;E;3;1. Ate 1 SM;Somente Publica;B
MA;19;M;Não PPI;Solteiro;505.1;494;363.1;407;600;Medio;E;4;4. 5 a 10 SM;Publica/Privada;A
MA;19;F;PPI;Solteiro;388;569.1;543.4;492.5;520;Medio;F;4;2. 1 a 3 SM;Publica/Privada;A
MA;19;M;PPI;Solteiro;496.5;594.5;531.7;448.1;540;Fundamental;G;5;1. Ate 1 SM;Somente Publica;A
MA;27;M;PPI;Solteiro;515.6;499.9;445.9;429.5;420;Fundamental;D;4;1. Ate 1 SM;Somente Publica;A
MA;39;F;PPI;Outro;523;622.9;604.7;416.4;720;Fundamental;B;5;2. 1 a 3 SM;Somente Publica;A
MA;41;M;PPI;Outro;453.5;411.4;316;350.1;480;Fundamental;D;2;1. Ate 1 SM;Somente Publica;C
MA;54;F;PPI;Solteiro;419.7;446.7;388.6;379.7;0;Fundamental;B;4;2. 1 a 3 SM;Somente Publica;C
MA;37;M;Não PPI;Solteiro;615.7;708.2;720.9;864.5;480;Medio;D;2;1. Ate 1 SM;Publica/Privada;A
MA;17;M;PPI;Solteiro;368.2;497.8;349.2;383.8;260;Fundamental;A;7;1. Ate 1 SM;Somente Publica;A
MA;23;M;Não Informado;Solteiro;458.9;608;515.3;403.6;640;Fundamental;E;4;2. 1 a 3 SM;Somente Publica;B
MA;33;M;PPI;Outro;544.1;568.7;424.7;381.3;500;Fundamental;C;9;2. 1 a 3 SM;Publica/Privada;C
MA;20;M;PPI;Solteiro;402.5;517.2;424.4;365.8;400;Fundamental;E;6;3. 3 a 5 SM;Somente Publica;B
MA;18;M;PPI;Solteiro;462.3;440.1;400.2;370.9;340;Fundamental;E;2;1. Ate 1 SM;Somente Publica;A
MA;21;M;PPI;Solteiro;380;455.3;413.9;364.5;220;Fundamental;B;10;1. Ate 1 SM;Somente Publica;B
MA;18;F;PPI;Solteiro;526.4;603.9;523.9;588.7;440;Fundamental;D;4;2. 1 a 3 SM;Somente Publica;A
MA;27;F;Não Informado;Solteiro;551.1;594;557.4;637.7;700;Fundamental;C;3;2. 1 a 3 SM;Somente Publica;A
MA;18;M;PPI;Solteiro;587.1;662.2;592.6;536.9;440;Não Informado;B;5;1. Ate 1 SM;Somente Publica;A
MA;54;F;PPI;Solteiro;470.5;567.4;539.1;373.9;440;Fundamental;B;3;2. 1 a 3 SM;Somente Privada;C
MA;18;M;PPI;Solteiro;455.3;369.8;308.6;333.9;340;Fundamental;B;3;1. Ate 1 SM;Somente Publica;C
MA;21;F;PPI;Solteiro;396.1;543.7;458.1;425.7;400;Fundamental;A;6;1. Ate 1 SM;Somente Publica;C
MA;24;F;PPI;Outro;446.2;525.2;481.4;361.9;500;Fundamental;D;2;1. Ate 1 SM;Somente Publica;A
MA;16;M;PPI;Solteiro;486.4;560.2;531.1;558.5;480;Medio;F;4;5. 10 ou mais;Somente Privada;A
MA;33;F;PPI;Outro;403.8;542.8;592.7;497;680;Medio;C;3;1. Ate 1 SM;Somente Publica;A
MA;22;M;PPI;Solteiro;425.9;465.2;371;464.9;480;Fundamental;E;4;1. Ate 1 SM;Somente Publica;B
MA;19;F;PPI;Solteiro;478.5;455.8;354.7;390.2;520;Medio;E;3;1. Ate 1 SM;Publica/Privada;A
MA;20;F;Não PPI;Solteiro;396;484.4;498.6;467.8;520;Fundamental;E;7;2. 1 a 3 SM;Somente Publica;A
MA;22;M;PPI;Solteiro;445.3;588.6;510.8;399;520;Medio;E;4;2. 1 a 3 SM;Somente Publica;A
MA;18;F;Não PPI;Solteiro;394.5;536.3;503.3;431.1;380;Medio;D;3;2. 1 a 3 SM;Somente Publica;A
MA;22;F;Não PPI;Solteiro;381;384;345.8;326.3;440;Fundamental;D;8;1. Ate 1 SM;Somente Publica;A
MA;41;M;PPI;Solteiro;487.6;607.8;489.8;418.5;620;Não Informado;C;7;2. 1 a 3 SM;Publica/Privada;A
MA;25;F;PPI;Solteiro;435.4;635.1;574.4;377.6;760;Fundamental;E;2;1. Ate 1 SM;Somente Publica;B
MA;22;M;PPI;Solteiro;508.9;633.2;550;576;480;Fundamental;C;2;2. 1 a 3 SM;Somente Publica;A
MA;16;M;Não PPI;Solteiro;622.6;669.5;609.8;724.2;760;Medio;G;4;4. 5 a 10 SM;Somente Privada;A
MA;18;F;PPI;Solteiro;397.9;493.3;388.6;328.5;200;Medio;F;3;2. 1 a 3 SM;Somente Publica;A
MA;33;M;PPI;NA;472;676.4;626.4;516.2;640;Fundamental;E;4;3. 3 a 5 SM;Somente Publica;A
MA;18;M;PPI;Solteiro;459.5;601.1;571.3;566.8;640;Fundamental;E;4;2. 1 a 3 SM;Somente Publica;A
MA;17;F;Não PPI;Solteiro;450.3;590;511.5;518.8;580;Superior;G;4;2. 1 a 3 SM;Somente Privada;A
MA;18;F;PPI;Solteiro;417.1;550.4;482;505.2;440;Fundamental;C;5;1. Ate 1 SM;Somente Publica;A
MA;29;M;PPI;Solteiro;367.9;449.4;434.3;429.6;540;Fundamental;D;2;2. 1 a 3 SM;Somente Publica;B
MA;18;M;PPI;Solteiro;439.9;484;407.4;412.4;320;Fundamental;C;6;1. Ate 1 SM;Somente Publica;A
MA;32;F;Não PPI;Solteiro;416.2;607.2;532.4;441.6;560;Medio;E;4;2. 1 a 3 SM;Somente Publica;A
MA;19;F;PPI;Solteiro;454;479.8;436.7;378.1;360;Fundamental;E;7;1. Ate 1 SM;Somente Publica;C
MA;21;M;PPI;Solteiro;380.1;554;412.5;511.1;440;Medio;E;4;2. 1 a 3 SM;Somente Publica;A
MA;19;F;Não PPI;Solteiro;495;541.5;479.1;465;600;Medio;E;4;1. Ate 1 SM;Somente Publica;A
MA;19;F;PPI;Solteiro;455.6;509;500;427.2;500;Fundamental;D;4;1. Ate 1 SM;Somente Publica;B
MA;18;M;PPI;Solteiro;448;415.5;508.7;377;360;Medio;E;5;2. 1 a 3 SM;Somente Publica;C
MA;22;M;Não PPI;Solteiro;570.2;594.8;560.8;417.4;540;Não Informado;H;7;2. 1 a 3 SM;Somente Publica;A
MA;18;M;PPI;Solteiro;386.3;458.6;398.2;502.9;460;Fundamental;C;6;2. 1 a 3 SM;Somente Publica;A
MA;20;F;PPI;Solteiro;448.6;541.2;473.7;378.8;480;Fundamental;D;2;2. 1 a 3 SM;Somente Publica;A
MA;19;F;PPI;Solteiro;492;516.1;424.4;437.8;380;Fundamental;G;3;2. 1 a 3 SM;Somente Publica;A
MA;18;F;PPI;Solteiro;449.5;570.4;530.6;566.6;520;Fundamental;B;3;2. 1 a 3 SM;Somente Publica;A
MA;21;F;Não PPI;Solteiro;550.3;548.1;444.7;389.4;480;Fundamental;C;5;1. Ate 1 SM;Somente Publica;A
MA;21;M;Não PPI;Solteiro;574.5;553.8;530.2;436.3;520;Fundamental;D;5;2. 1 a 3 SM;Somente Privada;A
MA;22;M;PPI;Solteiro;423.6;409.3;464.6;390.7;440;Fundamental;E;3;2. 1 a 3 SM;Somente Publica;A
MA;19;M;PPI;Solteiro;571.1;618.2;562.7;649.2;680;Fundamental;D;4;2. 1 a 3 SM;Somente Publica;A
MA;17;F;PPI;Solteiro;388.9;629.8;524.8;446;460;Não Informado;E;3;2. 1 a 3 SM;Somente Publica;A
MA;20;M;PPI;Solteiro;399.7;580.7;547.9;500.8;380;Fundamental;F;2;2. 1 a 3 SM;Somente Publica;A
MA;19;F;PPI;Solteiro;477.4;649;550.3;468.6;400;Fundamental;C;5;2. 1 a 3 SM;Somente Publica;A
MA;23;F;PPI;Solteiro;360;397.2;342.5;434.9;440;Fundamental;B;7;1. Ate 1 SM;Somente Publica;B
MA;32;F;PPI;Solteiro;487.9;554.3;449.7;386;480;Medio;E;5;1. Ate 1 SM;Somente Publica;A
MA;33;M;Não PPI;Outro;481.6;686.9;557.5;769.7;640;Fundamental;D;6;1. Ate 1 SM;Somente Publica;C
MA;18;M;PPI;Solteiro;648.3;659.6;628.7;613.4;600;Fundamental;G;3;2. 1 a 3 SM;Publica/Privada;A
MA;26;F;PPI;Solteiro;478.3;548.2;453.6;383.9;540;Medio;F;4;1. Ate 1 SM;Somente Publica;C
MA;20;M;PPI;Solteiro;585.8;602.6;553.2;439.6;560;Medio;E;1;1. Ate 1 SM;Somente Publica;A
MA;18;F;PPI;Solteiro;484.5;591.2;433.9;319.1;640;Fundamental;A;4;1. Ate 1 SM;Somente Publica;A
MA;36;F;Não PPI;Solteiro;451.4;596.1;510;380.5;460;Não Informado;D;4;2. 1 a 3 SM;Publica/Privada;A
MA;28;F;PPI;Outro;403.6;571;413.1;364.4;540;Fundamental;B;5;2. 1 a 3 SM;Somente Publica;C
MA;17;F;PPI;Solteiro;394.8;508.2;423.4;410;400;Fundamental;C;5;2. 1 a 3 SM;Somente Publica;A
MA;36;M;PPI;Outro;473.4;595.8;519.1;445.1;560;Fundamental;E;4;2. 1 a 3 SM;Somente Publica;A
MA;19;M;PPI;Solteiro;390.6;424;430.1;336.3;540;Não Informado;E;5;1. Ate 1 SM;Somente Publica;A
MA;23;F;Não PPI;Solteiro;616.7;685;593.8;511;780;Medio;E;4;4. 5 a 10 SM;Somente Privada;A
MA;18;F;PPI;Solteiro;377;561;521.1;356.4;520;Fundamental;D;5;1. Ate 1 SM;Somente Publica;A
MA;17;F;PPI;Solteiro;437.4;474.5;426.7;410.7;560;Não Informado;H;3;1. Ate 1 SM;Somente Publica;A
MA;25;M;PPI;Solteiro;369;447.6;361.7;327;340;Fundamental;A;6;2. 1 a 3 SM;Somente Publica;C
MA;37;F;PPI;Solteiro;394.1;546.9;469;381.2;640;Fundamental;B;4;2. 1 a 3 SM;Somente Publica;B
MA;41;M;PPI;Outro;429.5;503.4;501.1;456.2;480;Medio;E;6;1. Ate 1 SM;Somente Publica;A
MA;20;F;PPI;Solteiro;503;496.5;453.1;451.1;580;Fundamental;D;7;2. 1 a 3 SM;Somente Publica;B
MA;38;M;PPI;Solteiro;580.2;652;607.9;737.8;640;Fundamental;F;3;5. 10 ou mais;Somente Publica;A
MA;27;F;PPI;Solteiro;505.5;537.6;563;501.2;520;Fundamental;E;4;2. 1 a 3 SM;Somente Publica;B
MA;27;F;Não PPI;Solteiro;366.2;457.8;427.9;319.1;500;Medio;E;4;2. 1 a 3 SM;Somente Publica;A
MA;20;F;PPI;Solteiro;423.8;540.2;489.9;411.7;380;Medio;B;2;2. 1 a 3 SM;Somente Publica;A
MA;26;M;PPI;Solteiro;371.3;529.6;423.2;406.7;240;Fundamental;D;4;1. Ate 1 SM;Somente Publica;A
MA;17;F;Não Informado;Solteiro;482.9;590.6;533;521.1;560;Fundamental;E;6;2. 1 a 3 SM;Publica/Privada;A
MA;20;M;PPI;Solteiro;451;543.8;447.9;596.8;440;Não Informado;H;3;2. 1 a 3 SM;Somente Publica;A
MA;17;M;Não PPI;Solteiro;648.7;683.3;570.6;687.1;820;Medio;E;2;2. 1 a 3 SM;Somente Privada;A
MA;20;M;PPI;Solteiro;409.2;458.8;411.9;395;380;Fundamental;D;6;2. 1 a 3 SM;Somente Publica;B
MA;23;F;PPI;Outro;407;560.3;473.1;443.3;300;Medio;E;3;2. 1 a 3 SM;Somente Publica;B
MA;22;F;Não PPI;Solteiro;503;590.7;611.7;443.4;560;Fundamental;G;2;1. Ate 1 SM;Somente Privada;A
MA;27;M;PPI;Solteiro;398.3;577.6;540.6;358.1;720;Medio;D;5;2. 1 a 3 SM;Somente Publica;A
MA;17;F;PPI;Solteiro;392.2;601.1;490.5;324.6;560;Fundamental;D;3;1. Ate 1 SM;Somente Publica;B
MA;27;M;PPI;Outro;484.3;576.4;511;528.4;460;Fundamental;C;4;2. 1 a 3 SM;Somente Publica;C
MA;19;F;Não PPI;Solteiro;477.4;514.7;387.6;399.5;240;Não Informado;H;4;2. 1 a 3 SM;Somente Publica;B
MA;18;F;PPI;Solteiro;449.9;533;448.7;448.5;540;Medio;E;4;2. 1 a 3 SM;Somente Publica;A
MA;18;M;PPI;Solteiro;519;435.3;381.2;438;400;Não Informado;H;5;1. Ate 1 SM;Somente Publica;A
MA;18;M;PPI;Solteiro;386.4;513.7;407.4;451.5;500;Fundamental;B;5;1. Ate 1 SM;Somente Publica;A
MA;19;M;PPI;Solteiro;454.4;611.6;531.7;337.9;400;Fundamental;B;6;1. Ate 1 SM;Somente Publica;A
MA;24;F;PPI;Solteiro;550.2;557.6;537.9;364.3;580;Fundamental;C;5;2. 1 a 3 SM;Somente Publica;A
MA;20;M;PPI;Solteiro;561.5;621.9;504.3;701.4;540;Medio;D;4;2. 1 a 3 SM;Somente Privada;B
MA;23;M;PPI;Outro;506.3;662.8;604;501.7;720;Fundamental;D;2;4. 5 a 10 SM;Publica/Privada;A
MA;24;F;PPI;Solteiro;524.8;576.2;573.2;373.7;700;Fundamental;D;4;2. 1 a 3 SM;Somente Publica;A
MA;18;F;Não PPI;Solteiro;420.4;566.1;527.1;526;440;Não Informado;H;3;1. Ate 1 SM;Somente Publica;A
MA;19;M;PPI;Solteiro;449.2;561.6;502.6;413.6;480;Fundamental;A;5;2. 1 a 3 SM;Somente Publica;A
MA;18;M;PPI;Solteiro;427.6;533.3;427.3;518.1;640;Fundamental;E;5;1. Ate 1 SM;Somente Publica;A
MA;25;F;PPI;Solteiro;417;596.5;514;622.6;640;Medio;F;7;4. 5 a 10 SM;Somente Publica;A
MA;33;M;PPI;Outro;439.9;575.7;438.7;414.6;500;Fundamental;E;3;2. 1 a 3 SM;Somente Publica;A
MA;21;M;Não PPI;Solteiro;450.8;615.9;569.8;734.7;520;Medio;E;5;4. 5 a 10 SM;Somente Publica;A
MA;34;F;PPI;Solteiro;454.6;355.3;346.8;353.1;560;Medio;E;4;2. 1 a 3 SM;Somente Publica;A
MA;19;F;PPI;Solteiro;411.6;510.7;438.9;395.6;520;Medio;F;4;2. 1 a 3 SM;Somente Publica;A
MA;18;M;PPI;Solteiro;461.7;411.8;422.5;324.2;340;Medio;D;6;1. Ate 1 SM;Somente Publica;A
MA;19;F;Não PPI;Solteiro;443.4;502.7;464.1;409.3;540;Medio;E;3;1. Ate 1 SM;Somente Publica;A
MA;22;F;PPI;Solteiro;489.3;614.2;600.7;492.9;800;Fundamental;C;2;1. Ate 1 SM;Somente Publica;A
MA;20;M;Não PPI;Solteiro;415.3;393.3;364.8;513;260;Fundamental;B;5;1. Ate 1 SM;Somente Publica;A
MA;18;F;PPI;Solteiro;398.2;520.5;466.7;395.8;440;Fundamental;C;5;1. Ate 1 SM;Somente Publica;A
MA;44;F;PPI;Solteiro;436.6;534;545.7;402.3;700;Fundamental;B;3;2. 1 a 3 SM;Somente Publica;A
MA;20;F;Não PPI;Solteiro;453.5;427.7;377.4;479.6;460;Não Informado;D;5;2. 1 a 3 SM;Somente Publica;C
MA;19;F;Não PPI;Solteiro;491;635.2;586.7;497;820;Medio;E;5;2. 1 a 3 SM;Somente Privada;A
MA;20;M;Não PPI;Solteiro;590.8;672.7;590.1;521;880;Fundamental;E;5;1. Ate 1 SM;Somente Publica;A
MA;25;F;PPI;Solteiro;400.4;457.8;469.8;402;360;Fundamental;B;6;1. Ate 1 SM;Somente Publica;B
MA;19;F;Não PPI;Solteiro;411.8;530.6;528.6;444.1;580;Fundamental;C;5;2. 1 a 3 SM;Somente Publica;A
MA;29;F;PPI;Outro;446.4;602.3;607.9;461.8;860;Medio;F;1;3. 3 a 5 SM;Somente Privada;A
MA;42;F;PPI;Solteiro;443.9;496.4;416;346.5;380;Medio;E;3;1. Ate 1 SM;Somente Publica;B
MA;16;M;PPI;Solteiro;569.2;618.1;520.1;511.6;540;Fundamental;E;5;2. 1 a 3 SM;Somente Publica;A
MA;19;F;Não PPI;Solteiro;436;490.6;475.7;410;440;Fundamental;D;5;2. 1 a 3 SM;Somente Publica;A
MA;18;F;Não PPI;Solteiro;471.6;518.6;510;430;440;Medio;E;4;1. Ate 1 SM;Somente Publica;A
MA;18;M;PPI;Solteiro;430.4;556;524.6;478.7;620;Medio;G;4;2. 1 a 3 SM;Somente Publica;A
MA;21;F;Não PPI;Solteiro;416.2;458.9;479.1;420.5;0;Medio;E;3;1. Ate 1 SM;Somente Publica;A
MA;39;F;PPI;Solteiro;448.8;544.1;490;407.5;540;Fundamental;E;4;1. Ate 1 SM;Somente Publica;C
MA;21;M;PPI;Solteiro;514.4;613.3;526.9;564.7;360;Fundamental;B;4;1. Ate 1 SM;Somente Publica;C
MA;16;M;Não PPI;Solteiro;480.8;589.7;445.6;655.3;540;Medio;E;7;1. Ate 1 SM;Somente Publica;A
MA;35;F;PPI;Outro;518.7;569.8;562.5;380;520;Fundamental;B;5;1. Ate 1 SM;Somente Publica;C
MA;38;F;PPI;Solteiro;439.9;604.7;494.2;454.1;360;Fundamental;A;4;2. 1 a 3 SM;Somente Publica;A
MA;17;F;Não PPI;Solteiro;447.5;603.4;532.6;484.7;460;Superior;F;4;4. 5 a 10 SM;Somente Privada;A
MA;20;M;Não PPI;Solteiro;414.3;542.6;462.2;454.6;520;Fundamental;E;4;2. 1 a 3 SM;Somente Publica;A
MA;19;F;PPI;Solteiro;403.6;557;494.1;383.4;380;Fundamental;C;4;1. Ate 1 SM;Somente Publica;A
MA;19;F;PPI;Solteiro;487.8;537.9;518.1;418.6;460;Medio;D;3;1. Ate 1 SM;Somente Publica;A
MA;17;F;Não PPI;Solteiro;459.5;583.2;555.4;421.9;580;Medio;E;2;1. Ate 1 SM;Somente Publica;A
MA;18;F;Não PPI;Solteiro;404.4;537.2;446.5;446.5;780;Medio;E;3;1. Ate 1 SM;Somente Privada;A
MA;18;M;PPI;Solteiro;595.2;639.9;654.3;748.9;540;Não Informado;C;5;2. 1 a 3 SM;Somente Publica;A
MA;25;M;PPI;Solteiro;493.6;567.4;521.7;344.8;580;Medio;E;3;2. 1 a 3 SM;Somente Privada;A
MA;35;F;PPI;Solteiro;470;615;612.8;386.8;580;Não Informado;C;2;2. 1 a 3 SM;Somente Publica;A
MA;17;F;PPI;Solteiro;523.8;650;573.4;503.8;760;Medio;E;2;2. 1 a 3 SM;Publica/Privada;A
MA;31;F;PPI;Outro;504;570;490.1;439.5;500;Medio;E;2;2. 1 a 3 SM;Somente Publica;A
MA;19;F;PPI;Solteiro;388.3;574.5;438.2;400.1;420;Fundamental;B;8;1. Ate 1 SM;Somente Publica;A
MA;29;F;Não PPI;Outro;453.5;437.6;478.9;355;420;Fundamental;B;3;1. Ate 1 SM;Somente Publica;C
MA;19;F;PPI;Solteiro;531.6;518.9;467.9;454.7;620;Fundamental;E;6;1. Ate 1 SM;Somente Publica;A
MA;35;M;PPI;Outro;537.1;635.5;527.5;721.6;680;Fundamental;D;4;3. 3 a 5 SM;Somente Publica;A
MA;37;F;Não PPI;Solteiro;536.2;620.7;581.8;374.4;840;Fundamental;B;5;2. 1 a 3 SM;Publica/Privada;A
MA;20;M;PPI;Solteiro;482.8;432.3;440;455.4;560;Não Informado;D;2;2. 1 a 3 SM;Somente Publica;A
MA;18;F;PPI;Solteiro;343.3;546.3;489.9;425.6;640;Medio;E;5;2. 1 a 3 SM;Somente Publica;A
MA;19;F;PPI;Solteiro;393.1;500.3;415.9;582.3;480;Fundamental;B;6;2. 1 a 3 SM;Somente Publica;A
MA;26;M;PPI;Solteiro;448.5;551.5;434.2;397.5;440;Fundamental;B;5;2. 1 a 3 SM;Somente Publica;A
MA;21;F;PPI;Solteiro;448.1;546.6;519.3;415.1;620;Não Informado;D;4;2. 1 a 3 SM;Somente Publica;A
MA;22;F;PPI;Solteiro;397.1;465.4;479.5;409.3;540;Fundamental;B;3;1. Ate 1 SM;Somente Publica;A
MA;49;M;PPI;Solteiro;476.2;545.3;462.8;348.9;460;Fundamental;C;6;2. 1 a 3 SM;Somente Publica;A
MA;21;F;PPI;NA;451.7;552.9;406.2;385.5;480;Fundamental;B;4;2. 1 a 3 SM;Publica/Privada;B
MA;19;F;PPI;Solteiro;414.6;514.8;496.4;536.2;520;Fundamental;E;5;1. Ate 1 SM;Somente Publica;A
MA;26;F;PPI;Solteiro;374;503.4;490.5;391.6;400;Fundamental;B;6;1. Ate 1 SM;Somente Publica;B
MA;38;M;PPI;Outro;532.8;643.4;545.9;483.7;780;Fundamental;C;6;2. 1 a 3 SM;Somente Publica;C
MA;24;M;Não PPI;Solteiro;446.1;499.1;352.1;341.8;0;Não Informado;D;7;4. 5 a 10 SM;Somente Privada;A
MA;25;F;Não PPI;Solteiro;419.8;543.2;520.1;315.7;540;Fundamental;B;6;1. Ate 1 SM;Somente Publica;B
MA;37;F;PPI;Solteiro;545.7;569.3;505.4;389.8;540;Fundamental;B;3;1. Ate 1 SM;Somente Publica;A
MA;18;M;PPI;Solteiro;496.4;505;447.8;481.3;540;Medio;E;3;1. Ate 1 SM;Somente Publica;A
MA;19;F;Não PPI;Solteiro;482.4;523;414.4;472.7;560;Fundamental;B;3;1. Ate 1 SM;Somente Publica;A
MA;31;F;PPI;Outro;443;463.7;367.4;504.6;500;Não Informado;C;3;3. 3 a 5 SM;Somente Publica;A
MA;18;F;PPI;Solteiro;371.3;508.3;475.2;463;560;Fundamental;B;5;1. Ate 1 SM;Somente Publica;C
MA;28;M;PPI;Solteiro;488.5;538.3;502.3;613.8;420;Medio;D;6;1. Ate 1 SM;Somente Publica;A
MA;19;F;Não PPI;Solteiro;614.6;641.9;616.9;670.9;620;Medio;E;6;5. 10 ou mais;Somente Privada;A
MA;17;F;PPI;Solteiro;479.4;568.3;555.3;462.8;460;Não Informado;F;5;1. Ate 1 SM;Somente Publica;B
MA;18;M;PPI;Solteiro;422;520.8;475.3;409.4;340;Fundamental;C;3;1. Ate 1 SM;Somente Publica;B
MA;31;F;PPI;Outro;408.7;579.7;506.3;501.6;520;Fundamental;A;4;2. 1 a 3 SM;Somente Publica;C
MA;28;F;PPI;Solteiro;401.3;453.6;392.1;391.2;220;Medio;E;1;1. Ate 1 SM;Somente Publica;A
MA;22;M;Não PPI;Solteiro;565;574.7;531;396.7;400;Não Informado;E;4;1. Ate 1 SM;Somente Publica;A
MA;33;F;PPI;Solteiro;361.4;361;457;445;460;Fundamental;B;3;1. Ate 1 SM;Somente Publica;C
MA;17;M;Não PPI;Solteiro;525.5;600;355.9;335.2;700;Fundamental;F;7;2. 1 a 3 SM;Somente Publica;A
MA;47;M;PPI;Outro;404.1;468.4;382.2;413.7;540;Fundamental;D;6;4. 5 a 10 SM;Somente Publica;C
MA;17;M;Não PPI;Solteiro;495.8;593.8;544.3;636.2;600;Medio;E;2;1. Ate 1 SM;Somente Publica;A
MA;22;F;Não PPI;Solteiro;416;565.2;535.4;444.1;440;Fundamental;D;3;1. Ate 1 SM;Somente Publica;A
MA;24;M;PPI;Solteiro;363.8;557.6;458.6;415.7;440;Fundamental;D;3;2. 1 a 3 SM;Somente Publica;A
MA;28;F;PPI;Solteiro;452.4;416;337.3;452.8;380;Fundamental;B;3;1. Ate 1 SM;Somente Publica;B
MA;18;F;PPI;Solteiro;354.3;458.9;404.2;455.7;420;Fundamental;C;5;1. Ate 1 SM;Somente Publica;A
MA;26;M;PPI;Outro;511.4;579.3;552.1;381.1;640;Medio;D;4;2. 1 a 3 SM;Somente Publica;A
MA;17;M;PPI;Solteiro;521.9;543.6;506.8;595.6;720;Não Informado;D;4;1. Ate 1 SM;Somente Publica;A
MA;31;M;Não PPI;Solteiro;535.2;655.3;580.7;607.1;600;Fundamental;C;3;3. 3 a 5 SM;Somente Publica;C
MA;20;F;PPI;Solteiro;447.9;443.3;497.1;406.1;520;Medio;E;5;2. 1 a 3 SM;Somente Privada;A
MA;29;F;PPI;Solteiro;391.3;444.8;458.6;389;440;Medio;E;4;1. Ate 1 SM;Somente Publica;A
MA;31;F;PPI;Solteiro;475.5;550.8;424.6;393.5;520;Fundamental;B;3;1. Ate 1 SM;Somente Publica;A
MA;19;F;PPI;Solteiro;421.1;524;573;365.2;600;Não Informado;E;8;2. 1 a 3 SM;Somente Publica;A
MA;19;F;Não PPI;Solteiro;415;386.3;426.9;405.5;360;Fundamental;C;4;1. Ate 1 SM;Somente Publica;A
MA;19;F;PPI;Solteiro;372.6;436.5;499.3;438.3;480;Fundamental;C;5;1. Ate 1 SM;Somente Publica;A
MA;21;F;PPI;Solteiro;391.4;413.6;426.8;436.1;440;Fundamental;A;5;1. Ate 1 SM;Somente Publica;A
MA;19;F;PPI;Solteiro;424.8;596.9;475.6;386.2;700;Medio;E;4;1. Ate 1 SM;Somente Publica;A
MA;22;F;Não PPI;Outro;395.6;542.5;505;504.8;620;Medio;D;1;1. Ate 1 SM;Somente Publica;A
MA;20;M;PPI;Solteiro;448;450.1;472;449.4;520;Não Informado;E;7;2. 1 a 3 SM;Somente Publica;B
MA;17;F;PPI;Solteiro;362.5;559.4;504.1;457.3;560;Medio;G;4;2. 1 a 3 SM;Somente Privada;A
MA;21;F;Não PPI;Solteiro;412.3;467.2;441.9;473;460;Fundamental;E;7;2. 1 a 3 SM;Somente Publica;A
MA;17;F;PPI;Solteiro;475.2;491.7;397;415.1;560;Fundamental;C;3;1. Ate 1 SM;Somente Publica;B
MA;24;M;PPI;Solteiro;517.3;541.6;465;530.7;420;Fundamental;E;6;1. Ate 1 SM;Somente Publica;A
MA;20;M;PPI;Solteiro;454.2;599.8;499.5;513.2;520;Medio;F;3;2. 1 a 3 SM;Publica/Privada;A
MA;29;M;PPI;Solteiro;456.1;557.7;480.3;416.6;440;Fundamental;B;4;3. 3 a 5 SM;Somente Publica;B
MA;22;F;Não PPI;Solteiro;412.7;528.7;421.6;333.6;320;Fundamental;C;4;2. 1 a 3 SM;Somente Publica;A
MA;17;M;PPI;Solteiro;392.2;519.8;374.2;353.1;400;Não Informado;H;7;2. 1 a 3 SM;Somente Publica;A
MA;17;M;PPI;Solteiro;519.3;564.5;504.7;386.1;480;Medio;E;3;3. 3 a 5 SM;Somente Publica;A
MA;17;F;PPI;Solteiro;401.3;504;483.7;398;420;Não Informado;C;8;3. 3 a 5 SM;Somente Publica;A
MA;21;F;Não PPI;Solteiro;430;587.8;519.9;390.4;560;Fundamental;C;5;1. Ate 1 SM;Somente Publica;A
MA;23;M;PPI;Solteiro;466.2;589.8;545.3;437.1;600;Fundamental;C;3;2. 1 a 3 SM;Somente Publica;A
MA;18;M;PPI;Solteiro;458.3;586.5;504.4;442.4;500;Medio;F;4;2. 1 a 3 SM;Somente Publica;A
MA;19;M;PPI;Solteiro;443.6;558;438.5;445.3;420;Fundamental;B;4;1. Ate 1 SM;Somente Publica;C
MA;38;M;PPI;Outro;501;624.9;548.6;491;440;Fundamental;A;5;2. 1 a 3 SM;Somente Publica;C
MA;19;F;PPI;Solteiro;442.7;555.5;556.8;363.7;600;Fundamental;E;4;2. 1 a 3 SM;Somente Publica;A
MA;21;F;PPI;Solteiro;396.2;501.7;487;457.9;460;Medio;E;4;2. 1 a 3 SM;Somente Publica;A
MA;27;F;PPI;Solteiro;430.7;527;385.9;422.3;460;Não Informado;E;3;2. 1 a 3 SM;Somente Publica;A
MA;19;F;PPI;Solteiro;489.8;535.1;443.1;352;500;Fundamental;D;5;1. Ate 1 SM;Somente Publica;A
MA;22;F;PPI;Solteiro;429.7;443.7;418.2;328.6;600;Fundamental;E;7;1. Ate 1 SM;Publica/Privada;C
MA;21;F;PPI;Solteiro;484.7;575.6;575.6;533.7;520;Fundamental;C;3;1. Ate 1 SM;Somente Publica;A
MA;18;M;Não PPI;Solteiro;414.7;578.6;430.4;382.9;700;Fundamental;D;4;2. 1 a 3 SM;Somente Publica;A
MA;23;F;PPI;Solteiro;351.3;550.7;538.3;459.6;560;Fundamental;D;7;2. 1 a 3 SM;Somente Publica;A
MA;18;F;PPI;Solteiro;417.5;486.1;436.5;431.1;500;Não Informado;H;5;1. Ate 1 SM;Somente Publica;A
MA;33;F;Não PPI;Solteiro;476.7;601.9;500.7;542.4;560;Fundamental;B;3;1. Ate 1 SM;Somente Publica;B
MA;18;M;Não PPI;Solteiro;445.5;537.5;515.8;370.9;560;Fundamental;E;3;1. Ate 1 SM;Somente Publica;A
MA;22;F;PPI;Solteiro;383.9;427.9;515.3;474.4;600;Fundamental;E;4;1. Ate 1 SM;Somente Publica;C
MA;25;M;PPI;Solteiro;365.7;462.1;462.4;477.4;320;Não Informado;B;6;2. 1 a 3 SM;Somente Publica;C
MA;20;F;Não PPI;Solteiro;517.5;572.6;533.6;459.7;620;Medio;E;4;4. 5 a 10 SM;Somente Privada;A
MA;17;M;PPI;Solteiro;524.9;561.2;482.2;519;560;Fundamental;C;5;2. 1 a 3 SM;Somente Publica;A
MA;22;F;PPI;Solteiro;505.9;576.1;529.3;542.6;900;Fundamental;B;8;1. Ate 1 SM;Somente Publica;A
MA;26;M;Não PPI;Solteiro;561;576.3;513.8;657.2;580;Medio;C;2;2. 1 a 3 SM;Somente Publica;A
MA;23;M;PPI;Solteiro;569.1;636.9;598.6;671.6;480;Fundamental;E;4;4. 5 a 10 SM;Somente Publica;A
MA;28;F;PPI;Solteiro;450.2;562;583.7;406.1;620;Não Informado;C;1;1. Ate 1 SM;Somente Publica;B
MA;24;M;Não PPI;Solteiro;574.5;613.7;576.1;615.2;560;Fundamental;C;7;2. 1 a 3 SM;Somente Publica;C
MA;21;F;PPI;Solteiro;366;507.7;405.6;364.8;380;Fundamental;C;3;2. 1 a 3 SM;Somente Publica;A
MA;22;F;PPI;Outro;475;475.8;392.4;447.4;360;Não Informado;A;2;1. Ate 1 SM;Somente Publica;A
MA;19;M;PPI;Solteiro;437.1;511.9;521.3;481.4;540;Medio;E;4;2. 1 a 3 SM;Publica/Privada;A
MA;23;F;PPI;Solteiro;398.5;546.6;541.4;396.3;540;Não Informado;C;8;2. 1 a 3 SM;Somente Publica;C
MA;17;F;PPI;Solteiro;394.3;523.1;505;454.4;560;Não Informado;H;2;1. Ate 1 SM;Somente Publica;A
MA;20;F;PPI;Solteiro;599.3;651;626.3;509.2;840;Medio;F;3;2. 1 a 3 SM;Somente Privada;A
MA;19;M;PPI;Solteiro;429;520.3;484.6;408.5;460;Medio;E;5;4. 5 a 10 SM;Somente Publica;A
MA;20;M;PPI;Solteiro;436.6;447.4;355.4;364.5;340;Medio;E;5;2. 1 a 3 SM;Somente Publica;B
MA;21;F;PPI;Solteiro;517.9;652.8;607.3;446.4;840;Medio;E;3;2. 1 a 3 SM;Somente Publica;A
MA;36;M;PPI;Outro;450.9;503.3;389;657;520;Fundamental;B;4;2. 1 a 3 SM;Somente Publica;C
MA;21;F;PPI;Outro;457.4;519.4;472.5;424.6;480;Fundamental;D;5;1. Ate 1 SM;Somente Publica;A
MA;20;F;PPI;Solteiro;460.3;562.5;512.9;388.7;620;Fundamental;E;4;1. Ate 1 SM;Somente Publica;A
MA;20;M;PPI;Solteiro;521.7;473.7;484.6;475.9;440;Medio;E;7;1. Ate 1 SM;Somente Publica;A
MA;17;F;PPI;Solteiro;554.2;619.9;555.2;405.4;540;Fundamental;B;5;1. Ate 1 SM;Somente Publica;B
MA;26;F;PPI;Outro;487.2;562.9;543.3;420.9;540;Fundamental;E;4;2. 1 a 3 SM;Somente Publica;B
MA;32;F;PPI;Solteiro;386.8;456.9;413.3;455.5;420;Fundamental;C;3;1. Ate 1 SM;Somente Publica;B
MA;19;F;PPI;Solteiro;424.5;514;468.9;363.1;440;Medio;A;5;2. 1 a 3 SM;Somente Publica;A
MA;18;M;Não PPI;Solteiro;519.4;559.8;523.3;640;720;Medio;E;5;4. 5 a 10 SM;Somente Publica;B
MA;20;F;Não PPI;Solteiro;533.9;592;456.5;420.2;440;Fundamental;B;5;1. Ate 1 SM;Somente Publica;A
MA;21;M;Não Informado;Solteiro;547.9;609.8;544.2;755.2;740;Medio;G;3;4. 5 a 10 SM;Somente Privada;B
MA;31;M;PPI;Solteiro;526.8;672.1;570.2;495.5;660;Não Informado;B;5;2. 1 a 3 SM;Somente Publica;B
MA;18;F;PPI;Solteiro;518.9;639.2;586.3;582.3;540;Fundamental;B;6;2. 1 a 3 SM;Somente Publica;A
MA;31;F;PPI;Outro;421.7;575.3;486.6;418.4;460;Não Informado;H;3;3. 3 a 5 SM;Somente Publica;B
MA;21;M;PPI;Solteiro;444.6;542.6;455.5;356;320;Fundamental;C;3;2. 1 a 3 SM;Somente Publica;A
MA;21;F;PPI;Solteiro;410.9;543.1;401.5;495.8;460;Fundamental;B;8;1. Ate 1 SM;Somente Publica;A
MA;39;F;PPI;Outro;511.3;579.5;511.5;326.6;380;Medio;E;4;1. Ate 1 SM;Somente Publica;A
MA;23;M;PPI;Solteiro;395.7;582.9;459.9;326.5;480;Fundamental;E;5;2. 1 a 3 SM;Somente Publica;B
MA;16;F;PPI;Solteiro;501.9;496.4;443.9;366.7;520;Fundamental;D;4;2. 1 a 3 SM;Somente Publica;A
MA;17;M;Não PPI;Solteiro;359.9;524.4;494.9;386.6;0;Medio;E;5;1. Ate 1 SM;Somente Publica;A
MA;18;F;Não PPI;Solteiro;418.4;537.6;511.2;469.2;500;Fundamental;G;4;2. 1 a 3 SM;Somente Publica;A
MA;27;F;Não PPI;Outro;548.5;620.1;603.6;625;820;Fundamental;D;2;2. 1 a 3 SM;Somente Publica;A
MA;17;F;PPI;Solteiro;461.3;517.2;522.6;453.5;620;Medio;E;4;2. 1 a 3 SM;Somente Publica;A
MA;21;F;PPI;NA;452.3;595.1;540.3;465.6;460;Não Informado;H;2;2. 1 a 3 SM;Somente Publica;A
MA;27;F;PPI;Solteiro;490.9;544.3;510.8;369.3;580;Medio;E;4;2. 1 a 3 SM;Somente Publica;A
MA;24;M;PPI;Solteiro;535.8;652.3;617.1;568.3;640;Fundamental;C;3;5. 10 ou mais;Somente Publica;B
MA;19;F;Não Informado;Solteiro;473.9;601.7;506.8;448.2;640;Superior;E;3;1. Ate 1 SM;Somente Publica;A
MA;20;F;PPI;Solteiro;414.5;380;368;380.2;380;Fundamental;C;5;1. Ate 1 SM;Somente Publica;A
MA;17;F;PPI;Solteiro;372.3;466.4;369.6;348.4;360;Medio;E;4;2. 1 a 3 SM;Somente Publica;A
MA;20;F;Não PPI;Solteiro;460.8;591.6;589;401.2;620;Não Informado;H;3;1. Ate 1 SM;Somente Publica;A
MA;24;M;PPI;Solteiro;641.1;655.9;555.9;625.9;640;Medio;F;3;3. 3 a 5 SM;Somente Privada;A
MA;21;M;Não Informado;Solteiro;404.2;571.1;512.5;388.8;580;Fundamental;B;8;2. 1 a 3 SM;Somente Publica;A
MA;41;F;Não PPI;Outro;464.5;395.9;398.4;341.6;440;Fundamental;B;4;2. 1 a 3 SM;Somente Publica;A
MA;22;F;Não PPI;Solteiro;461.1;535.4;522.2;329.4;660;Medio;E;4;1. Ate 1 SM;Somente Publica;A
MA;18;F;Não PPI;Solteiro;626.1;632.9;621.2;506.2;680;Medio;E;6;4. 5 a 10 SM;Somente Privada;A
MA;18;M;PPI;Solteiro;459.4;524.3;444.4;465.7;560;Fundamental;G;3;2. 1 a 3 SM;Somente Publica;A
MA;22;M;PPI;Solteiro;451.8;534.6;508.8;497.1;460;Medio;E;2;1. Ate 1 SM;Somente Publica;A
MA;19;F;PPI;Solteiro;522.3;569.5;456.7;433.2;0;Fundamental;G;2;2. 1 a 3 SM;Somente Publica;A
MA;18;M;PPI;Solteiro;581;583.9;524.9;444.2;560;Fundamental;B;3;1. Ate 1 SM;Somente Privada;A
MA;20;F;PPI;Solteiro;384.5;509.3;394.5;378.9;220;Fundamental;B;8;1. Ate 1 SM;Somente Publica;C
MA;36;F;PPI;Outro;461.9;576.9;471;347.6;620;Fundamental;A;4;1. Ate 1 SM;Somente Publica;B
MA;22;F;PPI;Solteiro;448.1;561.9;514.4;361.1;600;Fundamental;D;4;2. 1 a 3 SM;Somente Publica;C
MA;21;F;PPI;Solteiro;443.1;679.3;619;619.4;520;Fundamental;B;2;2. 1 a 3 SM;Somente Publica;A
MA;17;M;PPI;Solteiro;560.3;603.3;589.3;391.8;520;Superior;G;6;3. 3 a 5 SM;Somente Privada;A
MA;34;F;PPI;Solteiro;431.1;474.5;405;353.7;420;Fundamental;B;4;1. Ate 1 SM;Somente Publica;B
MA;42;F;Não PPI;Outro;470.3;601.6;568.7;348.6;660;Fundamental;A;6;3. 3 a 5 SM;Somente Publica;C
MA;42;F;PPI;Solteiro;487.6;524.1;467;379.9;480;Medio;C;3;1. Ate 1 SM;Somente Publica;A
MA;36;M;PPI;Outro;519.8;648.3;566.8;414.5;560;Fundamental;D;5;2. 1 a 3 SM;Publica/Privada;B
MA;21;F;PPI;Solteiro;548.7;611.6;600.5;544.5;640;Fundamental;B;4;1. Ate 1 SM;Somente Publica;A
MA;21;F;PPI;Solteiro;387;454.2;389.9;471.5;500;Não Informado;H;4;2. 1 a 3 SM;Somente Publica;B
MA;19;F;PPI;Solteiro;417.3;481.6;529.8;328.3;440;Fundamental;B;4;2. 1 a 3 SM;Somente Publica;A
MA;18;F;PPI;Solteiro;387.2;401.8;349.9;427;340;Fundamental;A;5;2. 1 a 3 SM;Somente Publica;B
MA;25;F;PPI;Solteiro;456.7;579;545.9;459;560;Fundamental;E;5;1. Ate 1 SM;Somente Publica;A
MA;20;F;PPI;Solteiro;382.2;431.4;368.9;376.7;0;Fundamental;B;6;1. Ate 1 SM;Somente Publica;A
MA;22;M;Não PPI;Solteiro;381.7;460.3;457.8;522.4;520;Fundamental;E;5;3. 3 a 5 SM;Somente Publica;A
MA;22;F;Não PPI;Solteiro;414;467.6;455.2;418.6;320;Fundamental;A;4;1. Ate 1 SM;Somente Publica;A
MA;26;F;Não PPI;Solteiro;408;511.6;529;532;520;Fundamental;A;2;2. 1 a 3 SM;Publica/Privada;A
MA;18;F;Não PPI;Solteiro;457.9;449.4;507.5;465.7;660;Medio;E;4;2. 1 a 3 SM;Somente Publica;A
MA;25;F;Não PPI;Outro;515.1;560.6;477.2;612.4;560;Medio;F;2;2. 1 a 3 SM;Somente Privada;A
MA;27;M;Não PPI;Solteiro;507.2;535;498.8;430.5;520;Fundamental;B;3;1. Ate 1 SM;Publica/Privada;A
MA;21;F;PPI;Solteiro;444.2;554.1;502.6;326.6;520;Não Informado;B;2;3. 3 a 5 SM;Somente Publica;A
MA;21;F;Não PPI;Solteiro;678.5;714.8;661.4;716.9;740;Medio;F;4;4. 5 a 10 SM;Somente Privada;A
MA;37;F;Não PPI;NA;495.4;437.3;470.7;349;460;Não Informado;E;4;3. 3 a 5 SM;Somente Publica;C
MA;19;F;PPI;Solteiro;418.4;529.3;461.6;439.8;520;Fundamental;D;4;2. 1 a 3 SM;Somente Publica;A
MA;38;M;Não PPI;Outro;607.5;691.2;611.7;592.6;360;Fundamental;B;5;3. 3 a 5 SM;Somente Publica;A
MA;19;F;PPI;Solteiro;450.4;577.4;528.5;436.4;600;Superior;E;5;3. 3 a 5 SM;Publica/Privada;A
MA;19;M;PPI;Solteiro;532.8;373.2;501.4;360.3;580;Fundamental;H;2;1. Ate 1 SM;Somente Publica;A
MA;17;M;PPI;Solteiro;493.4;547.2;542.1;483.1;500;Fundamental;F;5;2. 1 a 3 SM;Somente Publica;A
MA;23;F;PPI;Solteiro;361.5;465.7;377.2;367.4;320;Fundamental;C;5;1. Ate 1 SM;Somente Publica;C
MA;18;F;PPI;Solteiro;428.8;542.5;535.1;393.2;500;Fundamental;B;4;1. Ate 1 SM;Somente Publica;A
MA;22;F;PPI;Solteiro;414.9;380.1;451.5;358.4;420;Fundamental;B;3;1. Ate 1 SM;Somente Publica;B
MA;16;F;PPI;Solteiro;478.6;570.5;521;450.6;580;Não Informado;E;4;1. Ate 1 SM;Somente Publica;A
MA;17;F;PPI;Solteiro;455.4;632.9;492.4;512.7;580;Fundamental;E;3;1. Ate 1 SM;Somente Publica;A
MA;17;M;Não PPI;Solteiro;541.3;649.2;606;536.9;660;Medio;F;5;3. 3 a 5 SM;Somente Privada;A
MA;25;M;PPI;Solteiro;470.7;582.9;493.3;362.5;480;Não Informado;E;4;1. Ate 1 SM;Somente Publica;C
MA;24;M;Não PPI;Solteiro;486.2;607.1;404.4;407.6;560;Medio;D;7;2. 1 a 3 SM;Somente Publica;A
MA;54;F;PPI;Outro;427;571.7;396.4;412.3;380;Fundamental;B;3;1. Ate 1 SM;Somente Publica;C
MA;18;M;PPI;Solteiro;508.4;603.1;569.7;395.4;780;Medio;E;3;3. 3 a 5 SM;Somente Privada;A
MA;18;F;PPI;Solteiro;444.5;418.9;444.8;450.1;380;Fundamental;B;6;1. Ate 1 SM;Somente Publica;A
MA;18;F;Não PPI;Solteiro;541.4;512.2;482.5;374.1;540;Medio;E;4;2. 1 a 3 SM;Somente Privada;A
MA;18;M;PPI;Solteiro;495.2;547.1;469.3;556.6;720;Fundamental;D;8;2. 1 a 3 SM;Somente Publica;A
MA;21;M;PPI;Solteiro;554.1;605.8;583.1;460.6;600;Fundamental;E;6;2. 1 a 3 SM;Somente Publica;A
MA;18;F;PPI;Solteiro;464.3;512.6;483.6;414.3;500;Medio;D;4;1. Ate 1 SM;Somente Publica;A
MA;21;F;Não PPI;Solteiro;494.6;597.5;561.8;459.7;620;Medio;D;5;2. 1 a 3 SM;Somente Publica;A
MA;23;F;Não PPI;Solteiro;387.5;534.3;478.5;326.3;560;Não Informado;E;6;2. 1 a 3 SM;Publica/Privada;B
MA;19;M;PPI;Solteiro;398.1;469.7;432.7;557;400;Fundamental;B;7;1. Ate 1 SM;Somente Publica;A
MA;23;F;PPI;Solteiro;561.4;597;560.1;524.4;860;Medio;E;4;2. 1 a 3 SM;Somente Publica;A
MA;18;M;PPI;Solteiro;405;380.9;433.6;391.7;500;Medio;E;4;2. 1 a 3 SM;Somente Publica;A
MA;30;M;PPI;NA;432.4;494;439.3;332.6;300;Fundamental;B;3;1. Ate 1 SM;Somente Publica;A
MA;17;F;PPI;Solteiro;527.5;522.5;419.2;411.3;520;Fundamental;B;5;1. Ate 1 SM;Somente Publica;A
MA;19;F;Não PPI;Solteiro;585.9;643.8;648.3;458.4;680;Fundamental;F;4;3. 3 a 5 SM;Publica/Privada;A
MA;18;F;PPI;Solteiro;465.7;564.8;530.6;424.8;560;Fundamental;B;7;1. Ate 1 SM;Somente Publica;A
MA;17;F;PPI;Solteiro;459.6;624.3;547.5;419.4;660;Fundamental;H;5;1. Ate 1 SM;Somente Publica;A
MA;23;F;PPI;Solteiro;495.6;658.8;591;467;700;Fundamental;E;4;3. 3 a 5 SM;Somente Privada;A
MA;28;F;PPI;Solteiro;380.8;485;520.1;405.3;520;Fundamental;B;4;2. 1 a 3 SM;Somente Publica;A
MA;18;M;PPI;Solteiro;439;520.1;450.4;386.9;340;Não Informado;F;5;1. Ate 1 SM;Somente Publica;B
MA;26;F;PPI;Solteiro;451.7;589.3;523.8;547.9;560;Fundamental;E;6;2. 1 a 3 SM;Somente Publica;A
MA;16;M;PPI;Solteiro;686.8;700.8;618.9;817.4;660;Medio;E;4;2. 1 a 3 SM;Somente Publica;A
MA;17;M;PPI;Solteiro;503.5;423.1;365.6;473.8;420;Não Informado;D;10;1. Ate 1 SM;Somente Privada;A
MA;22;M;PPI;Solteiro;619;541.4;543.3;477.3;680;Fundamental;C;4;1. Ate 1 SM;Somente Publica;A
MA;28;M;PPI;Solteiro;461.3;603.7;547.9;380.1;780;Fundamental;C;3;2. 1 a 3 SM;Somente Publica;A
MA;19;F;PPI;Solteiro;408.6;525.9;464.7;388.5;620;Não Informado;A;6;1. Ate 1 SM;Somente Publica;A
MA;19;F;Não PPI;Solteiro;474.6;602;526.5;353.2;600;Fundamental;D;6;2. 1 a 3 SM;Somente Publica;A
MA;19;F;PPI;Solteiro;490.8;579.1;521.3;504.6;400;Fundamental;D;3;1. Ate 1 SM;Somente Publica;A
MA;39;F;PPI;Outro;363.4;499.7;503.8;420.2;280;Fundamental;B;4;2. 1 a 3 SM;Somente Publica;B
MA;17;M;PPI;Solteiro;457.6;589.4;518.3;373.5;600;Medio;D;4;2. 1 a 3 SM;Somente Privada;A
MA;26;F;PPI;Solteiro;456.4;504.6;478;406.4;560;Fundamental;C;4;1. Ate 1 SM;Somente Publica;A
MA;17;F;Não PPI;Solteiro;400.7;542.7;486.3;490;540;Fundamental;F;4;2. 1 a 3 SM;Somente Publica;A
MA;19;M;Não PPI;Solteiro;495.6;574.5;416.4;388;480;Não Informado;D;3;1. Ate 1 SM;Somente Publica;B
MA;20;M;PPI;Solteiro;399;471.4;422.9;460.9;380;Medio;E;4;2. 1 a 3 SM;Publica/Privada;B
MA;17;F;PPI;Solteiro;426.5;572.7;541.1;432.6;620;Medio;E;4;2. 1 a 3 SM;Somente Publica;A
MA;17;M;PPI;Solteiro;406.1;515;432.3;325;480;Fundamental;D;5;1. Ate 1 SM;Somente Publica;C
MA;20;F;PPI;Solteiro;466.4;462.5;462.1;349.3;500;Medio;B;3;2. 1 a 3 SM;Somente Publica;B
MA;20;M;PPI;Solteiro;459.5;463.1;399.1;415.3;400;Fundamental;E;5;1. Ate 1 SM;Somente Publica;C
MA;21;F;PPI;Solteiro;398.1;433.8;374;333.6;440;Superior;E;6;2. 1 a 3 SM;Publica/Privada;A
MA;21;F;PPI;Solteiro;507.8;482;514.4;320.1;560;Fundamental;B;5;1. Ate 1 SM;Somente Publica;A
MA;18;F;PPI;Solteiro;439.1;525.4;456.9;373.9;560;Não Informado;G;3;1. Ate 1 SM;Somente Publica;A
MA;18;M;PPI;Solteiro;430.8;461.2;468.8;355;340;Fundamental;A;5;1. Ate 1 SM;Somente Publica;A
MA;19;F;PPI;Solteiro;456;586.7;542.1;476.6;540;Fundamental;D;6;2. 1 a 3 SM;Somente Publica;A
MA;18;F;PPI;Solteiro;394;454.9;443.9;516.2;420;Não Informado;H;4;1. Ate 1 SM;Somente Publica;A
MA;17;F;PPI;Solteiro;408.6;499.5;387.7;504.3;440;Fundamental;E;4;1. Ate 1 SM;Somente Publica;A
MA;25;F;Não PPI;NA;422;483.6;440.5;436.2;360;Medio;F;4;3. 3 a 5 SM;Somente Publica;B
MA;17;M;PPI;Solteiro;491.4;370.8;375.6;489.5;500;Fundamental;C;5;1. Ate 1 SM;Somente Publica;A
MA;19;M;PPI;Solteiro;423;442.6;433.5;365.8;280;Fundamental;C;5;2. 1 a 3 SM;Somente Publica;C
MA;22;M;PPI;Outro;470.6;559.5;492.2;413.7;380;Fundamental;B;3;1. Ate 1 SM;Somente Publica;B
MA;19;F;PPI;Solteiro;450.7;447.7;469.5;425.4;520;Fundamental;B;7;1. Ate 1 SM;Somente Publica;A
MA;18;F;PPI;Solteiro;391.6;463.5;469.9;445.6;400;Fundamental;B;2;1. Ate 1 SM;Somente Publica;A
MA;25;F;PPI;Solteiro;486.5;480.5;544.2;417.1;520;Medio;E;6;2. 1 a 3 SM;Somente Publica;A
MA;24;M;PPI;Solteiro;503;617.7;448.5;393.2;520;Medio;H;5;2. 1 a 3 SM;Somente Publica;A
MA;17;M;PPI;Solteiro;515.3;646;524.8;698.2;640;Superior;E;4;4. 5 a 10 SM;Publica/Privada;A
MA;21;F;Não PPI;Solteiro;547.1;429.9;431.7;410;320;Fundamental;B;7;1. Ate 1 SM;Somente Publica;C
MA;18;M;PPI;Solteiro;456.8;495.3;461;330.8;320;Fundamental;B;4;1. Ate 1 SM;Somente Publica;A
MA;23;M;PPI;Outro;462.3;594.1;489;445.1;580;Medio;E;3;2. 1 a 3 SM;Somente Publica;A
MA;26;M;PPI;Solteiro;467.5;500.7;434.7;421.5;260;Não Informado;H;3;1. Ate 1 SM;Somente Publica;A
MA;19;F;PPI;Solteiro;441.4;402.2;417.2;370.5;520;Fundamental;C;7;2. 1 a 3 SM;Somente Publica;A
MA;22;F;PPI;Solteiro;551;637.6;548.9;678.3;520;Fundamental;F;4;1. Ate 1 SM;Somente Publica;C
MA;20;M;Não PPI;Solteiro;413.8;544.9;509.3;390.9;440;Medio;A;6;1. Ate 1 SM;Somente Publica;B
MA;21;M;PPI;Solteiro;560.9;640.7;575.9;414.4;560;Não Informado;E;2;1. Ate 1 SM;Somente Publica;A
MA;19;M;PPI;Solteiro;402.3;484.4;356.5;383.2;0;Medio;E;4;1. Ate 1 SM;Somente Publica;C
MA;17;M;PPI;Solteiro;455.4;558.1;441.4;500.3;400;Fundamental;D;4;1. Ate 1 SM;Somente Publica;A
MA;21;M;PPI;Solteiro;456.1;566.1;579.9;418.5;420;Superior;G;5;4. 5 a 10 SM;Somente Privada;A
MA;18;F;PPI;Solteiro;433.9;572.4;486.6;467.1;600;Medio;E;3;2. 1 a 3 SM;Somente Publica;A
MA;19;F;PPI;Solteiro;499.5;459.8;325.7;385.5;280;Fundamental;B;5;1. Ate 1 SM;Somente Publica;C
MA;18;F;PPI;Solteiro;382.5;570.7;464.4;355;540;Não Informado;H;5;1. Ate 1 SM;Somente Publica;C
MA;18;M;PPI;Solteiro;546.6;588.8;488.9;525.6;600;Não Informado;F;5;2. 1 a 3 SM;Somente Privada;C
MA;18;M;Não PPI;Solteiro;507.1;575.6;532.8;535;760;Medio;F;5;2. 1 a 3 SM;Somente Publica;A
MA;22;M;PPI;Solteiro;526.6;540.3;0;0;0;Fundamental;D;6;2. 1 a 3 SM;Somente Publica;A
MA;19;F;PPI;Solteiro;437.8;500.4;513.6;442.6;500;Fundamental;A;5;1. Ate 1 SM;Somente Publica;A
MA;17;M;PPI;Solteiro;422.1;421.4;426.2;441.9;440;Medio;E;5;1. Ate 1 SM;Somente Publica;A
MA;30;M;PPI;Solteiro;363.2;494.8;398.5;520.1;380;Não Informado;E;3;1. Ate 1 SM;Somente Publica;A
MA;24;M;Não PPI;Solteiro;410.9;568.7;474.7;491.8;440;Não Informado;B;1;2. 1 a 3 SM;Somente Publica;B
MA;19;M;PPI;Solteiro;363.9;390.6;406.4;372.9;460;Fundamental;E;4;2. 1 a 3 SM;Somente Privada;A
MA;22;M;PPI;Solteiro;437.1;538.9;420.6;476.8;480;Fundamental;A;4;1. Ate 1 SM;Somente Publica;A
MA;19;M;Não PPI;Solteiro;446.5;462.7;372.7;340.3;520;Fundamental;E;7;2. 1 a 3 SM;Somente Publica;A
MA;20;M;PPI;Solteiro;383.7;501.8;396.6;447.2;200;Fundamental;A;7;1. Ate 1 SM;Somente Publica;C
MA;20;F;Não PPI;Solteiro;453.2;423.2;397.6;483;400;Medio;E;2;1. Ate 1 SM;Somente Privada;A
MA;17;F;PPI;Solteiro;407.2;551.5;465.8;465.2;600;Fundamental;C;7;1. Ate 1 SM;Somente Publica;B
MA;18;F;PPI;Solteiro;408.8;485.6;451.3;454.9;640;Medio;E;5;1. Ate 1 SM;Somente Publica;A
MA;17;M;PPI;Solteiro;437.5;519.7;494.4;384.2;560;Fundamental;E;3;1. Ate 1 SM;Somente Privada;A
MA;20;M;PPI;Solteiro;422.2;613;496.8;581.1;580;Fundamental;D;3;2. 1 a 3 SM;Somente Publica;A
MA;16;M;PPI;Solteiro;348;505.6;413.1;377.7;560;Fundamental;E;4;1. Ate 1 SM;Somente Publica;A
MA;27;F;PPI;Solteiro;465.4;431.3;425.9;516.1;580;Fundamental;E;5;2. 1 a 3 SM;Somente Publica;C
MA;25;M;PPI;Solteiro;500.2;631.6;531.5;489.1;700;Fundamental;D;4;2. 1 a 3 SM;Somente Publica;A
MA;21;M;PPI;Solteiro;450.4;520.4;439.4;491.1;680;Fundamental;E;5;1. Ate 1 SM;Somente Publica;A
MA;26;M;PPI;Solteiro;421.7;458.5;390.8;338.7;440;Fundamental;B;5;2. 1 a 3 SM;Somente Publica;C
MA;26;M;PPI;Solteiro;442.7;563.6;511.1;392.6;560;Não Informado;D;5;2. 1 a 3 SM;Somente Publica;A
MA;23;F;PPI;Solteiro;464.7;530.1;479.3;492.7;600;Fundamental;E;7;1. Ate 1 SM;Somente Publica;B
MA;16;M;PPI;Solteiro;431.5;576.9;551.3;413.2;580;Não Informado;H;6;2. 1 a 3 SM;Somente Publica;A
MA;25;M;PPI;Solteiro;535.6;611;524.7;546.9;720;Fundamental;E;5;2. 1 a 3 SM;Somente Publica;B
MA;23;M;PPI;Solteiro;399.7;413.8;405.6;389.8;600;Fundamental;B;7;1. Ate 1 SM;Somente Publica;A
MA;32;M;PPI;Solteiro;485.4;629.8;564;426.6;640;Medio;E;6;2. 1 a 3 SM;Somente Publica;A
MA;19;F;PPI;Solteiro;350.9;433.8;348.5;434.7;420;Fundamental;A;4;1. Ate 1 SM;Somente Publica;A
MA;22;F;PPI;Solteiro;412.4;632.2;602.8;391;760;Fundamental;D;4;2. 1 a 3 SM;Somente Publica;A
MA;24;F;PPI;Solteiro;404.2;511.9;470.4;461.4;480;Medio;E;4;2. 1 a 3 SM;Somente Publica;A
MA;16;F;Não PPI;Solteiro;473.5;456.6;450.2;459.5;540;Não Informado;E;3;1. Ate 1 SM;Somente Publica;A
MA;17;F;PPI;Solteiro;440.8;443.6;411.3;397.8;520;Medio;H;5;2. 1 a 3 SM;Publica/Privada;A
MA;18;F;PPI;Solteiro;450.5;542.8;512.7;472.7;460;Fundamental;E;6;1. Ate 1 SM;Somente Publica;A
MA;19;M;PPI;Solteiro;362.5;585;456.7;443.7;360;Fundamental;B;6;1. Ate 1 SM;Somente Publica;A
MA;19;F;Não PPI;Solteiro;565.5;633.2;609.2;630;880;Superior;E;2;2. 1 a 3 SM;Somente Publica;A
MA;23;F;PPI;Solteiro;482.1;535.8;351.2;324.6;460;Fundamental;E;4;2. 1 a 3 SM;Somente Publica;A
MA;20;F;PPI;Solteiro;579;656.1;604.5;632.1;680;Medio;E;4;1. Ate 1 SM;Somente Privada;A
MA;18;M;PPI;Solteiro;572.9;619.8;556.4;764.8;600;Fundamental;F;3;2. 1 a 3 SM;Somente Privada;A
MA;19;F;PPI;Solteiro;466.3;555;516.5;493.7;580;Fundamental;C;7;1. Ate 1 SM;Somente Publica;B
MA;19;F;Não PPI;Solteiro;417;558;559;364.3;580;Fundamental;B;6;2. 1 a 3 SM;Somente Publica;C
MA;21;M;Não PPI;Solteiro;419;574.2;499.6;474.4;580;Medio;E;5;2. 1 a 3 SM;Somente Publica;A
MA;28;M;PPI;Solteiro;593.5;638.2;639.9;423.7;500;Fundamental;A;8;2. 1 a 3 SM;Somente Publica;C
MA;18;M;PPI;Solteiro;451.5;595.2;564.2;450.7;620;Medio;E;3;2. 1 a 3 SM;Somente Publica;B
MA;20;M;PPI;Solteiro;498.2;526.6;458.8;513.8;660;Medio;E;4;3. 3 a 5 SM;Somente Privada;A
MA;18;F;Não PPI;Solteiro;520.2;571.6;572.5;470.9;540;Medio;G;4;4. 5 a 10 SM;Somente Privada;A
MA;19;F;PPI;Solteiro;495.3;552;519.1;400;620;Medio;D;3;1. Ate 1 SM;Somente Publica;A
MA;30;M;PPI;Solteiro;502.6;581;559.9;481;440;Fundamental;D;6;1. Ate 1 SM;Somente Publica;A
MA;18;F;Não PPI;Solteiro;450.7;566.9;417.3;398.3;520;Fundamental;B;12;1. Ate 1 SM;Somente Publica;A
MA;38;F;PPI;Outro;430.2;490;491.8;396.1;500;Fundamental;A;5;2. 1 a 3 SM;Somente Publica;C
MA;20;F;PPI;Solteiro;489.7;426.3;447.2;392.6;520;Fundamental;D;5;1. Ate 1 SM;Somente Publica;B
MA;19;M;PPI;Solteiro;357.5;433.4;396;377.8;500;Fundamental;E;4;2. 1 a 3 SM;Somente Publica;A
MA;18;F;PPI;Solteiro;418.9;479.8;380.5;356.2;480;Fundamental;D;5;1. Ate 1 SM;Somente Publica;A
MA;20;M;PPI;Solteiro;451.6;569.1;511.8;328.8;520;Medio;E;4;2. 1 a 3 SM;Publica/Privada;A
MA;19;M;PPI;Solteiro;476.1;557;533.7;544.4;380;Fundamental;E;6;1. Ate 1 SM;Somente Publica;A
MA;27;M;Não PPI;Solteiro;527;623.6;444.4;530.9;540;Fundamental;C;5;2. 1 a 3 SM;Somente Publica;A
MA;27;F;PPI;Solteiro;441.6;549.8;442.6;394.3;480;Não Informado;E;2;1. Ate 1 SM;Somente Publica;A
MA;57;M;PPI;Solteiro;505.6;591;518.7;418.4;680;Fundamental;C;5;1. Ate 1 SM;Somente Publica;A
MA;19;M;PPI;Solteiro;551;601.4;491.1;556;800;Medio;E;3;2. 1 a 3 SM;Somente Publica;A
MA;22;F;Não PPI;Solteiro;487.2;432.5;461.2;341.5;240;Não Informado;H;3;1. Ate 1 SM;Somente Publica;A
MA;16;M;Não PPI;Solteiro;517.3;612.6;558.3;548.7;600;Superior;G;2;2. 1 a 3 SM;Somente Publica;A
MA;20;F;PPI;Solteiro;425.6;441.5;364.8;375.5;480;Fundamental;B;6;2. 1 a 3 SM;Somente Publica;A
MA;17;M;PPI;Solteiro;410.6;458.8;471;380.5;580;Fundamental;E;4;1. Ate 1 SM;Somente Publica;A
MA;17;F;PPI;Solteiro;406.1;468.9;364.9;506.7;460;Fundamental;B;6;1. Ate 1 SM;Somente Publica;A
MA;20;M;Não PPI;Solteiro;410.8;372.7;336.2;333.8;440;Fundamental;D;4;1. Ate 1 SM;Somente Publica;A
MA;21;F;PPI;Solteiro;399.2;510.2;487.2;405.9;540;Fundamental;B;3;2. 1 a 3 SM;Somente Publica;A
MA;18;F;Não PPI;Solteiro;424.6;606.1;571.5;386.7;600;Medio;E;3;1. Ate 1 SM;Somente Publica;A
MA;17;M;PPI;Solteiro;547.2;660.6;619.1;609.7;620;Medio;G;6;2. 1 a 3 SM;Somente Publica;A
MA;25;F;Não PPI;Solteiro;429.6;555.9;495.2;505.8;480;Não Informado;H;6;2. 1 a 3 SM;Somente Publica;C
MA;16;F;PPI;Solteiro;389.6;450;403.5;428.2;320;Fundamental;B;4;1. Ate 1 SM;Somente Publica;B
MA;25;F;PPI;Solteiro;430.8;459.4;466.9;397.4;560;Fundamental;C;8;2. 1 a 3 SM;Somente Publica;A
MA;17;M;PPI;Solteiro;355.9;493.6;433.7;514.5;640;Fundamental;E;3;1. Ate 1 SM;Somente Publica;A
MA;21;M;PPI;Solteiro;402.3;463.4;439.7;391.2;440;Medio;E;1;1. Ate 1 SM;Somente Publica;B
MA;19;F;PPI;Solteiro;424.9;466.1;436.9;471.4;360;Fundamental;E;2;1. Ate 1 SM;Somente Publica;A
MA;32;M;PPI;Solteiro;433.9;596.8;475.1;369;360;Não Informado;E;3;3. 3 a 5 SM;Somente Publica;B
MA;18;F;PPI;Solteiro;488.1;566.2;583;539.7;600;Fundamental;C;4;2. 1 a 3 SM;Somente Publica;A
MA;22;M;PPI;Solteiro;358;523.8;494.7;465.7;300;Medio;B;4;1. Ate 1 SM;Somente Publica;A
MA;17;F;Não PPI;Solteiro;521.5;575.7;544.3;435.9;740;Medio;E;4;5. 10 ou mais;Somente Privada;A
MA;18;F;PPI;Solteiro;459.2;488.1;408.7;446.4;540;Medio;E;3;1. Ate 1 SM;Somente Publica;A
MA;21;F;PPI;Solteiro;467.3;585.7;501.2;395.7;440;Fundamental;C;5;2. 1 a 3 SM;Somente Publica;A
MA;22;F;PPI;Solteiro;488.3;532.7;469.6;436.7;580;Medio;E;5;4. 5 a 10 SM;Somente Publica;A
MA;18;M;PPI;Solteiro;558.4;531.3;473.1;476.8;480;Medio;B;5;2. 1 a 3 SM;Somente Publica;A
MA;20;F;PPI;Solteiro;384.7;561.4;400.5;365.5;440;Não Informado;D;3;2. 1 a 3 SM;Somente Publica;B
MA;19;M;PPI;Solteiro;451.5;545.3;421.5;415.5;580;Medio;H;4;2. 1 a 3 SM;Somente Privada;A
MA;20;F;PPI;Solteiro;641.7;649.3;426.4;739.4;880;Medio;E;7;3. 3 a 5 SM;Somente Publica;A
MA;26;F;PPI;Solteiro;469.2;620.7;540.9;445.6;460;Medio;C;4;2. 1 a 3 SM;Somente Publica;A
MA;32;F;PPI;NA;427.5;451;498.4;482.8;600;Medio;E;2;1. Ate 1 SM;Somente Publica;A
MA;34;M;PPI;Solteiro;464.1;501.3;480.1;450.9;0;Fundamental;E;4;2. 1 a 3 SM;Somente Publica;B
MA;31;F;Não PPI;Solteiro;498.5;576.5;467.5;448;380;Não Informado;D;6;1. Ate 1 SM;Somente Publica;B
MA;18;M;PPI;Solteiro;503.2;550.8;504.6;442.6;640;Medio;G;3;2. 1 a 3 SM;Publica/Privada;A
MA;22;M;PPI;Solteiro;388.1;539.8;509.3;358.5;520;Fundamental;E;3;2. 1 a 3 SM;Somente Publica;B
MA;18;M;Não PPI;Solteiro;651.6;611.7;559.4;682.3;440;Medio;E;3;2. 1 a 3 SM;Somente Privada;A
MA;25;M;PPI;Solteiro;508.1;528.7;476.5;322.4;420;Fundamental;E;3;1. Ate 1 SM;Publica/Privada;A
MA;19;M;PPI;Solteiro;439.5;456.1;354;330.9;560;Medio;D;4;2. 1 a 3 SM;Somente Publica;A
MA;17;F;PPI;Solteiro;476.6;609.9;522.9;418.1;580;Fundamental;F;4;3. 3 a 5 SM;Somente Privada;A
MA;36;F;PPI;Outro;436.6;587.4;513.6;461.7;520;Medio;F;4;2. 1 a 3 SM;Publica/Privada;B
MA;28;M;PPI;Solteiro;467.2;458.1;467.7;407.4;480;Fundamental;G;2;2. 1 a 3 SM;Somente Publica;A
MA;19;F;Não PPI;Solteiro;495.6;608.2;562.8;370.6;620;Fundamental;B;4;1. Ate 1 SM;Somente Publica;A
MA;22;M;PPI;Solteiro;534.1;605.7;505.8;392;560;Fundamental;E;10;2. 1 a 3 SM;Somente Publica;A
MA;18;F;PPI;Solteiro;472.5;433.5;465.8;379;460;Não Informado;C;4;1. Ate 1 SM;Somente Publica;A
MA;16;F;Não PPI;Solteiro;411.5;590.8;582.1;445.2;540;Não Informado;B;3;1. Ate 1 SM;Somente Publica;A
MA;20;M;Não PPI;Solteiro;464.8;540.7;439.8;336.2;580;Fundamental;B;4;1. Ate 1 SM;Somente Publica;A
MA;33;F;Não PPI;Solteiro;488;647.6;602.5;374.4;640;Medio;E;8;3. 3 a 5 SM;Somente Privada;A
MA;24;M;PPI;Solteiro;515.9;523.6;532.7;453.9;500;Medio;F;3;2. 1 a 3 SM;Somente Publica;A
MA;32;F;PPI;Solteiro;448.6;555.9;430.8;543.5;540;Medio;E;3;2. 1 a 3 SM;Somente Publica;A
MA;19;F;PPI;Solteiro;484.3;438;482.7;349.4;380;Fundamental;C;5;1. Ate 1 SM;Somente Publica;B
MA;21;M;Não PPI;Solteiro;493.2;601.2;552.4;535.3;680;Medio;E;2;4. 5 a 10 SM;Somente Privada;A
MA;20;M;PPI;Solteiro;466.7;529.6;477.5;353;380;Medio;E;4;2. 1 a 3 SM;Somente Publica;A
MA;23;F;PPI;Outro;389;418.1;413.5;375.4;480;Fundamental;E;4;1. Ate 1 SM;Somente Publica;A
MA;29;M;PPI;Solteiro;519.1;597.5;514.6;480.3;620;Medio;E;6;2. 1 a 3 SM;Somente Publica;A
MA;35;M;PPI;Solteiro;457.7;578.7;517.2;363.4;580;Fundamental;A;2;2. 1 a 3 SM;Somente Publica;A
MA;18;F;PPI;Solteiro;452.1;538.1;427.6;366.3;380;Fundamental;A;3;1. Ate 1 SM;Somente Publica;B
MA;21;F;Não PPI;Solteiro;368.9;464.9;543.1;440;580;Fundamental;B;5;2. 1 a 3 SM;Somente Publica;A
MA;18;F;Não PPI;Solteiro;497.9;643.6;575.1;398.3;720;Não Informado;E;4;2. 1 a 3 SM;Somente Privada;A
MA;21;F;Não PPI;Solteiro;521.3;637;553.7;417.4;460;Fundamental;D;7;2. 1 a 3 SM;Somente Publica;B
MA;18;F;PPI;Solteiro;387.5;624.8;515.6;479.6;940;Fundamental;E;4;2. 1 a 3 SM;Somente Publica;A
MA;24;F;PPI;Solteiro;512.6;568.5;519.9;455.2;520;Não Informado;B;8;2. 1 a 3 SM;Somente Publica;C
MA;28;F;PPI;Solteiro;379;401;313.3;410.3;280;Fundamental;D;2;2. 1 a 3 SM;Somente Publica;B
MA;17;F;PPI;Solteiro;380.8;552.3;461.3;375.2;480;Fundamental;C;5;1. Ate 1 SM;Somente Publica;A
MA;26;F;PPI;Outro;514.6;577.7;524.2;383.1;500;Medio;E;3;2. 1 a 3 SM;Somente Publica;A
MA;18;F;PPI;Solteiro;508.6;579.4;534.3;543;720;Fundamental;G;2;3. 3 a 5 SM;Somente Privada;A
MA;16;M;PPI;Solteiro;510.3;571.9;547.4;430.2;640;Fundamental;E;3;1. Ate 1 SM;Somente Publica;A
MA;27;F;PPI;Solteiro;377.3;488.7;391.7;372.9;360;Não Informado;H;4;2. 1 a 3 SM;Publica/Privada;B
MA;25;F;PPI;Outro;517.8;520.8;459.5;432.9;560;Fundamental;A;3;1. Ate 1 SM;Somente Privada;C
MA;17;M;PPI;Solteiro;452.9;533.9;463.2;499.3;340;Medio;B;7;2. 1 a 3 SM;Somente Publica;A
MA;20;M;PPI;Solteiro;566.5;580.9;492.1;523.8;300;Fundamental;D;4;2. 1 a 3 SM;Somente Publica;A
MA;21;F;Não PPI;Solteiro;415.5;598.2;518.3;399.6;800;Medio;E;3;4. 5 a 10 SM;Somente Publica;A
MA;24;M;PPI;Solteiro;371.9;384.6;427;327.8;160;Fundamental;E;7;2. 1 a 3 SM;Somente Publica;A
MA;19;M;PPI;Solteiro;610.8;665.4;578.8;637.7;600;Fundamental;E;4;2. 1 a 3 SM;Somente Publica;A
MA;28;M;PPI;NA;448.2;595.6;530.9;532.3;400;Medio;B;10;2. 1 a 3 SM;Somente Publica;A
MA;17;M;PPI;Solteiro;488.7;521.8;406.9;396.9;460;Fundamental;D;6;2. 1 a 3 SM;Somente Publica;A
MA;18;F;PPI;Solteiro;412.3;575;532.7;454;580;Medio;E;5;1. Ate 1 SM;Somente Publica;A
MA;20;M;PPI;Solteiro;542.1;698.4;605.4;573.8;680;Medio;E;4;3. 3 a 5 SM;Somente Publica;A
MA;31;M;PPI;Solteiro;503.6;568.5;543.5;749;640;Medio;E;5;3. 3 a 5 SM;Somente Publica;A
MA;18;M;PPI;Solteiro;567;637.8;537.8;440.7;600;Fundamental;C;4;2. 1 a 3 SM;Somente Publica;A
MA;17;F;PPI;Solteiro;479.3;631.4;537.5;458.9;640;Fundamental;D;5;2. 1 a 3 SM;Somente Publica;A
MA;21;F;PPI;Solteiro;431.2;553.1;486.1;416.6;580;Não Informado;B;3;1. Ate 1 SM;Somente Publica;B
MA;26;M;Não PPI;Solteiro;568.1;663.7;608.1;564.6;780;Medio;G;2;2. 1 a 3 SM;Somente Privada;A
MA;27;F;PPI;NA;500.1;558.6;515.2;330.8;420;Fundamental;E;5;2. 1 a 3 SM;Somente Publica;A
MA;17;M;PPI;Solteiro;491.5;509.5;458.6;334.6;600;Fundamental;C;4;2. 1 a 3 SM;Somente Publica;A
MA;22;M;PPI;Solteiro;446.3;512.5;462.3;435.7;520;Fundamental;A;6;2. 1 a 3 SM;Somente Publica;A
MA;40;F;PPI;Outro;432.8;534.5;400.3;398.6;480;Fundamental;B;5;1. Ate 1 SM;Somente Publica;C
MA;20;F;PPI;Solteiro;422.2;573.8;405.8;484.1;620;Medio;E;6;3. 3 a 5 SM;Somente Publica;B
MA;18;F;PPI;Solteiro;567.6;630.5;558.9;485.6;620;Medio;G;6;2. 1 a 3 SM;Somente Privada;A
MA;16;M;Não PPI;Solteiro;416.2;510.7;495.1;412.3;500;Fundamental;E;7;1. Ate 1 SM;Somente Publica;A
MA;17;F;PPI;Solteiro;436.5;562.1;459.3;435.2;440;Fundamental;C;3;1. Ate 1 SM;Somente Publica;A
MA;24;F;PPI;Solteiro;503.6;446.7;441.7;384.4;460;Fundamental;B;7;3. 3 a 5 SM;Somente Publica;A
MA;22;F;PPI;Solteiro;494.1;639.2;599.1;603.1;740;Medio;B;4;3. 3 a 5 SM;Somente Publica;C
MA;18;F;Não PPI;Solteiro;402.4;564.9;510.5;458;600;Fundamental;C;4;1. Ate 1 SM;Somente Publica;A
MA;17;F;PPI;Solteiro;527.5;637;571.1;543.8;680;Medio;F;4;5. 10 ou mais;Somente Publica;A
MA;27;F;PPI;Solteiro;462.6;605.8;549.9;391.3;660;Fundamental;B;3;2. 1 a 3 SM;Somente Publica;A
MA;23;M;PPI;Solteiro;405.9;400.5;369.9;403.6;540;Fundamental;E;1;1. Ate 1 SM;Somente Publica;B
MA;25;F;PPI;Solteiro;436.9;532.4;462.1;377.8;440;Fundamental;B;3;1. Ate 1 SM;Somente Publica;A
MA;19;F;Não PPI;Solteiro;433.1;459.9;376.9;458.4;380;Medio;E;5;4. 5 a 10 SM;Somente Publica;A
MA;17;M;PPI;NA;445.4;584.1;529.3;411.5;600;Fundamental;D;5;1. Ate 1 SM;Somente Publica;A
MA;50;M;Não PPI;Outro;486.8;627.1;490;463;480;Medio;B;4;1. Ate 1 SM;Somente Publica;B
MA;20;F;PPI;Solteiro;532.3;558.6;493.2;505.3;380;Fundamental;D;4;1. Ate 1 SM;Somente Publica;A
MA;19;F;PPI;Solteiro;430.9;452.2;355.8;390.2;400;Fundamental;E;5;1. Ate 1 SM;Somente Publica;A
MA;18;F;PPI;Solteiro;534.6;593.3;540.7;462.4;540;Medio;D;7;2. 1 a 3 SM;Somente Publica;A
MA;20;M;PPI;Solteiro;473;527.1;424.5;463.3;360;Fundamental;C;4;2. 1 a 3 SM;Somente Publica;A
MA;20;M;PPI;Solteiro;491.4;540.6;512.5;491.6;500;Fundamental;D;6;2. 1 a 3 SM;Somente Publica;A
MA;18;F;PPI;Solteiro;410.6;524.9;532.3;409.4;520;Não Informado;B;4;1. Ate 1 SM;Somente Publica;A
MA;17;F;PPI;Solteiro;364.3;432;420.1;361.1;540;Fundamental;B;9;1. Ate 1 SM;Somente Publica;A
MA;20;M;Não PPI;Solteiro;585.2;722.4;660.7;429;620;Medio;D;5;2. 1 a 3 SM;Somente Publica;A
MA;17;M;PPI;Solteiro;404.9;534.2;486;336.6;560;Fundamental;C;6;1. Ate 1 SM;Somente Publica;A
MA;18;F;Não PPI;Solteiro;355.9;456.2;490.5;406.6;480;Medio;C;4;3. 3 a 5 SM;Somente Publica;A
MA;18;M;PPI;Solteiro;561;495.9;534.9;529.2;640;Medio;E;4;1. Ate 1 SM;Somente Publica;A
MA;18;F;PPI;Solteiro;494.1;520.9;495.4;327.2;560;Fundamental;D;4;1. Ate 1 SM;Somente Publica;A
MA;19;F;Não PPI;Solteiro;481.8;568.7;485.9;428.3;580;Medio;F;5;4. 5 a 10 SM;Somente Privada;A
MA;17;M;Não PPI;Solteiro;721.6;732.3;649.7;864.3;820;Medio;E;5;3. 3 a 5 SM;Somente Privada;B
MA;21;F;PPI;Solteiro;372.5;457.4;385.5;459.9;360;Fundamental;B;3;1. Ate 1 SM;Somente Publica;A
MA;22;M;PPI;NA;572.5;638.3;464.7;433;560;Fundamental;B;12;2. 1 a 3 SM;Somente Publica;A
MA;21;F;PPI;Outro;387.3;560;432.1;467.1;380;Não Informado;B;3;1. Ate 1 SM;Somente Publica;B
MA;19;F;PPI;Solteiro;366.9;410.2;343.5;325;520;Fundamental;A;11;1. Ate 1 SM;Somente Publica;B
MA;29;F;PPI;Outro;385.2;449.2;504.1;384.9;520;Fundamental;B;5;1. Ate 1 SM;Somente Publica;C
MA;19;F;Não PPI;Solteiro;350;477.6;409.5;413.6;720;Não Informado;H;2;2. 1 a 3 SM;Somente Privada;B
MA;22;M;PPI;Solteiro;363.1;574.3;448.9;557.6;540;Não Informado;C;5;2. 1 a 3 SM;Somente Publica;A
MA;21;M;PPI;Solteiro;378.9;383.7;447;422.4;240;Fundamental;B;1;2. 1 a 3 SM;Somente Publica;B
MA;21;F;PPI;Solteiro;476.4;581.5;537.9;507.2;600;Fundamental;B;5;1. Ate 1 SM;Somente Publica;A
MA;25;F;PPI;Solteiro;462.2;574.8;491.5;407.9;620;Fundamental;B;5;1. Ate 1 SM;Somente Publica;C
MA;45;F;Não PPI;Outro;361.2;485.7;463.6;327.3;480;Fundamental;B;3;1. Ate 1 SM;Somente Publica;C
MA;17;F;Não PPI;Solteiro;531;590;529;471.7;520;Fundamental;D;4;2. 1 a 3 SM;Somente Privada;A
MA;19;F;Não PPI;Solteiro;422.8;606.5;500.7;550.1;540;Medio;C;4;1. Ate 1 SM;Somente Publica;A
MA;28;F;PPI;Solteiro;428.1;576.9;508.9;429;400;Medio;E;3;3. 3 a 5 SM;Somente Privada;A
MA;20;F;PPI;Solteiro;474.3;555.7;439;403.4;420;Fundamental;D;3;1. Ate 1 SM;Somente Publica;A
MA;19;M;PPI;Solteiro;404.3;548.9;489.5;363.1;520;Não Informado;C;6;2. 1 a 3 SM;Somente Publica;A
MA;18;F;PPI;Solteiro;451.9;454;507.9;328.9;360;Fundamental;D;6;1. Ate 1 SM;Somente Publica;A
MA;19;F;PPI;Solteiro;531.8;598.7;531.8;477.7;660;Fundamental;E;3;2. 1 a 3 SM;Somente Publica;A
MA;31;M;PPI;Solteiro;407.7;438.6;487;333.4;400;Fundamental;E;4;1. Ate 1 SM;Somente Publica;A
MA;21;F;PPI;Solteiro;467.4;621.6;575.1;464.1;820;Fundamental;C;5;2. 1 a 3 SM;Somente Publica;A
MA;26;F;PPI;Solteiro;418.8;617.4;490.3;440.2;580;Fundamental;C;5;2. 1 a 3 SM;Somente Publica;A
MA;39;F;PPI;Solteiro;482.9;556.6;538.3;430.6;440;Não Informado;B;4;1. Ate 1 SM;Somente Publica;C
MA;16;M;PPI;Solteiro;400.8;528.5;352.9;396.2;640;Medio;D;4;1. Ate 1 SM;Somente Publica;A
MA;18;F;PPI;Solteiro;378.6;412.8;482.9;398.8;340;Fundamental;D;6;2. 1 a 3 SM;Somente Publica;A
MA;25;M;PPI;Solteiro;570.6;619.7;492;424.9;700;Fundamental;B;5;2. 1 a 3 SM;Somente Publica;A
MA;17;F;Não PPI;Solteiro;486;408.2;335.8;356.8;480;Fundamental;F;4;2. 1 a 3 SM;Somente Publica;A
MA;25;M;PPI;Solteiro;529.9;621.2;540;416.6;560;Medio;E;4;2. 1 a 3 SM;Publica/Privada;A
MA;30;F;PPI;NA;469.5;592.2;566.7;429.3;680;Não Informado;E;5;1. Ate 1 SM;Somente Publica;A
MA;27;F;PPI;NA;404.1;611.7;592.4;389.1;780;Medio;E;6;3. 3 a 5 SM;Somente Publica;A
MA;19;F;PPI;Solteiro;368.5;529.6;334.8;334.3;580;Fundamental;E;3;1. Ate 1 SM;Somente Publica;C
MA;21;M;PPI;Solteiro;436.9;591;391;536.1;540;Medio;D;4;2. 1 a 3 SM;Somente Publica;A
MA;18;M;PPI;Solteiro;464.3;581.4;492.8;486.1;540;Não Informado;D;3;1. Ate 1 SM;Somente Publica;A
MA;17;M;Não PPI;Solteiro;430.5;585.4;540.1;501.3;700;Medio;F;2;3. 3 a 5 SM;Somente Privada;A
MA;18;F;PPI;Solteiro;583.1;643.5;598.7;552.1;800;Medio;F;5;3. 3 a 5 SM;Somente Privada;A
MA;23;M;PPI;Solteiro;617.8;600.6;524.1;641.6;680;Medio;F;3;2. 1 a 3 SM;Somente Publica;A
MA;22;M;PPI;Solteiro;381.8;422.9;473.7;379;400;Fundamental;C;4;2. 1 a 3 SM;Somente Publica;A
MA;20;F;PPI;Solteiro;443.5;480.9;541.2;451.5;680;Medio;F;3;1. Ate 1 SM;Somente Publica;A
MA;18;M;Não Informado;Solteiro;475.8;528;490.3;364.7;520;Fundamental;A;3;1. Ate 1 SM;Somente Publica;A
MA;25;F;PPI;Solteiro;462.4;470.1;505.8;360.4;560;Não Informado;D;2;2. 1 a 3 SM;Somente Publica;A
MA;33;F;PPI;Solteiro;434.7;419.8;366.8;334.6;380;Fundamental;B;4;1. Ate 1 SM;Somente Publica;C
MA;18;F;PPI;Solteiro;425.7;544;421;358.1;460;Fundamental;E;3;2. 1 a 3 SM;Somente Publica;A
MA;18;F;Não PPI;Solteiro;387.5;528.6;513.1;342.8;520;Medio;F;8;1. Ate 1 SM;Somente Privada;A
MA;31;F;PPI;Solteiro;479.6;589.1;534.8;335.8;380;Medio;C;7;2. 1 a 3 SM;Somente Publica;A
MA;23;F;PPI;Solteiro;454.5;505.2;402.3;415.5;440;Fundamental;A;10;1. Ate 1 SM;Somente Publica;A
MA;28;M;Não PPI;NA;437.4;456.3;385.9;384.7;520;Medio;E;6;1. Ate 1 SM;Somente Publica;A
MA;18;F;PPI;Solteiro;420.4;515.2;537.9;343.9;420;Medio;E;2;2. 1 a 3 SM;Somente Publica;A
MA;29;M;Não PPI;NA;421.9;583.3;535.7;465;520;Fundamental;C;3;2. 1 a 3 SM;Somente Publica;A
MA;27;F;PPI;Solteiro;409.2;554.3;517.4;356.7;260;Fundamental;A;5;2. 1 a 3 SM;Somente Publica;C
MA;19;M;Não PPI;Solteiro;556.8;559.4;554;562;680;Fundamental;B;6;2. 1 a 3 SM;Somente Publica;A
MA;19;F;PPI;Solteiro;467.1;583.4;523;534.7;600;Medio;D;5;2. 1 a 3 SM;Somente Publica;A
MA;19;F;PPI;Solteiro;495.7;622.8;611.4;454.5;540;Não Informado;H;4;2. 1 a 3 SM;Somente Publica;A
MA;17;F;PPI;Solteiro;419.7;518.7;498.1;405.8;380;Medio;D;5;2. 1 a 3 SM;Somente Publica;A
MA;22;M;PPI;Solteiro;490.5;612.9;530.5;370.4;500;Medio;E;5;1. Ate 1 SM;Somente Publica;A
MA;20;F;PPI;Solteiro;612.3;629.1;578.3;613.5;860;Fundamental;E;3;3. 3 a 5 SM;Somente Publica;B
MA;17;F;Não PPI;Solteiro;512.4;565.7;546.2;409.4;360;Fundamental;E;6;1. Ate 1 SM;Publica/Privada;A
MA;18;M;PPI;Solteiro;396.8;441.1;395.9;316;400;Medio;G;6;2. 1 a 3 SM;Somente Privada;A
MA;20;F;Não PPI;Solteiro;400.3;638.3;601.1;392.7;560;Medio;A;6;1. Ate 1 SM;Somente Publica;A
MA;34;F;Não PPI;Outro;495.9;509.3;578.8;425;520;Fundamental;C;4;1. Ate 1 SM;Publica/Privada;C
MA;21;F;PPI;Solteiro;518.9;555;569.4;350.7;680;Medio;D;5;2. 1 a 3 SM;Somente Publica;A
MA;16;F;PPI;Solteiro;425.3;521.7;443.6;449.7;520;Não Informado;G;5;2. 1 a 3 SM;Somente Publica;A
MA;20;M;PPI;Solteiro;531.6;587.5;522.5;457;520;Fundamental;B;3;1. Ate 1 SM;Somente Publica;B
MA;20;F;PPI;Solteiro;425.6;532.9;544.6;464;560;Medio;G;4;1. Ate 1 SM;Somente Publica;A
MA;17;M;PPI;Solteiro;523.4;621.9;563.3;561.1;540;Medio;F;3;2. 1 a 3 SM;Somente Publica;A
MA;20;F;Não PPI;NA;401.7;505.6;447.1;451.3;480;Fundamental;B;8;1. Ate 1 SM;Somente Publica;A
MA;18;M;PPI;Solteiro;491.1;606.7;486.4;458.6;540;Medio;E;3;2. 1 a 3 SM;Somente Publica;A
MA;19;M;PPI;Solteiro;411.1;507;407.1;328.3;600;Fundamental;D;3;1. Ate 1 SM;Somente Privada;A
MA;24;F;PPI;Solteiro;448;393.6;395;340.5;400;Medio;D;4;2. 1 a 3 SM;Somente Publica;A
MA;26;M;PPI;NA;531.3;632.3;606.5;376.6;600;Fundamental;B;3;2. 1 a 3 SM;Somente Publica;B
MA;19;M;PPI;Solteiro;513.6;589.1;558.4;362.1;480;Fundamental;B;5;1. Ate 1 SM;Somente Publica;C
MA;32;F;PPI;Solteiro;484.7;614.5;577.1;436.7;600;Medio;E;5;2. 1 a 3 SM;Somente Privada;A
MA;18;F;Não PPI;Solteiro;396.3;592.9;530.6;517.4;840;Medio;E;3;2. 1 a 3 SM;Somente Publica;A
MA;25;M;PPI;Solteiro;499.4;541.9;509.3;441.1;560;Medio;E;3;2. 1 a 3 SM;Somente Publica;A
MA;20;M;Não PPI;Solteiro;438.4;584.7;474.3;522.1;320;Fundamental;D;4;2. 1 a 3 SM;Somente Publica;A
MA;19;F;Não Informado;NA;364;445.2;460.9;314.4;320;Fundamental;D;2;1. Ate 1 SM;Somente Publica;C
MA;21;M;PPI;Solteiro;612.2;689;618.2;540.5;760;Medio;E;1;2. 1 a 3 SM;Somente Privada;A
MA;17;F;PPI;Solteiro;531.2;661.9;581;565.3;620;Fundamental;G;4;2. 1 a 3 SM;Somente Publica;A
MA;20;M;PPI;Solteiro;527;573.2;502.2;547.8;320;Não Informado;B;4;2. 1 a 3 SM;Somente Publica;A
MA;18;M;Não PPI;Solteiro;438.6;528.8;329;380.8;540;Fundamental;A;6;1. Ate 1 SM;Somente Publica;B
MA;20;F;PPI;Solteiro;534.1;576.4;538;544.3;680;Medio;B;3;1. Ate 1 SM;Somente Publica;A
MA;23;M;PPI;Solteiro;479.3;534;492.2;458.2;560;Fundamental;G;6;2. 1 a 3 SM;Publica/Privada;A
MA;17;F;PPI;Solteiro;417.8;531.1;545.7;533.2;500;Fundamental;E;8;1. Ate 1 SM;Somente Publica;A
MA;28;F;PPI;Solteiro;455.5;565.2;501.3;409.2;580;Fundamental;E;5;2. 1 a 3 SM;Somente Publica;A
MA;35;F;Não PPI;Solteiro;433.3;568.8;455.7;424.5;460;Fundamental;H;2;2. 1 a 3 SM;Somente Privada;A
MA;19;F;Não PPI;Solteiro;457.9;555;466.5;472.8;560;Medio;D;4;2. 1 a 3 SM;Somente Publica;A
MA;35;M;PPI;Solteiro;540.2;545;449.8;425.2;560;Não Informado;D;6;3. 3 a 5 SM;Somente Publica;C
MA;20;F;PPI;Solteiro;402.5;567;456.5;430.7;720;Fundamental;B;4;1. Ate 1 SM;Somente Publica;C
MA;18;F;PPI;Solteiro;491.2;532.9;523.3;435.5;600;Fundamental;E;3;2. 1 a 3 SM;Publica/Privada;A
MA;19;F;Não PPI;Solteiro;408.1;561.1;533.9;324.8;460;Não Informado;B;4;2. 1 a 3 SM;Somente Publica;A
MA;18;F;PPI;Solteiro;454.8;565.2;447.9;529;440;Medio;E;5;1. Ate 1 SM;Somente Publica;A
MA;31;F;PPI;Solteiro;487.6;508.2;484.4;489;540;Não Informado;H;2;1. Ate 1 SM;Somente Publica;A
MA;25;F;PPI;Solteiro;435.4;502.8;524.6;393.9;440;Fundamental;E;2;1. Ate 1 SM;Somente Publica;A
MA;19;F;PPI;Solteiro;403.2;429;452.9;520.4;540;Não Informado;H;3;1. Ate 1 SM;Somente Publica;A
MA;19;F;PPI;Outro;393;582.2;513.8;466.7;600;Fundamental;F;5;1. Ate 1 SM;Somente Publica;A
MA;20;M;PPI;Solteiro;478.4;584.5;537;468.4;800;Fundamental;D;5;2. 1 a 3 SM;Somente Publica;A
MA;22;F;PPI;Solteiro;576.2;706.3;624.5;422.7;740;Fundamental;D;3;2. 1 a 3 SM;Somente Publica;A
MA;21;M;PPI;Solteiro;410.9;489.6;454;381.7;360;Fundamental;D;6;1. Ate 1 SM;Somente Publica;A
MA;40;F;PPI;Solteiro;450.4;477;439.5;331.1;500;Fundamental;A;2;2. 1 a 3 SM;Somente Publica;C
MA;19;F;Não PPI;Solteiro;448.4;497;497.7;432.3;600;Fundamental;E;3;2. 1 a 3 SM;Somente Publica;A
MA;18;F;PPI;Solteiro;462.4;520.6;485.1;393.4;420;Fundamental;B;6;1. Ate 1 SM;Somente Publica;A
MA;26;F;PPI;Solteiro;486.6;426.6;483.1;338;600;Fundamental;A;5;1. Ate 1 SM;Somente Publica;A
MA;18;M;Não PPI;Solteiro;550.4;672.6;608.2;419;600;Fundamental;E;5;2. 1 a 3 SM;Publica/Privada;A
MA;23;M;PPI;Solteiro;534.9;658.8;556.2;452.6;580;Medio;E;5;2. 1 a 3 SM;Somente Publica;A
MA;17;F;PPI;Solteiro;437.3;654.2;614.9;501.5;720;Superior;E;6;4. 5 a 10 SM;Somente Privada;A
MA;30;F;Não PPI;Outro;394;609;312.2;484.7;800;Fundamental;B;3;2. 1 a 3 SM;Somente Publica;C
MA;20;F;Não PPI;Solteiro;437.4;534.9;451;413.6;560;Fundamental;B;4;1. Ate 1 SM;Somente Publica;A
MA;31;M;PPI;Outro;478;617.4;523.8;550.8;540;Fundamental;C;4;2. 1 a 3 SM;Somente Privada;A
MA;33;M;PPI;NA;563;701.8;605.8;547.2;880;Medio;G;2;5. 10 ou mais;Somente Publica;A
MA;20;M;PPI;Solteiro;464.1;520.4;480.5;524.6;380;Medio;D;4;1. Ate 1 SM;Somente Publica;A
MA;20;M;PPI;Solteiro;431.1;472.3;419.8;444.8;520;Fundamental;C;3;1. Ate 1 SM;Somente Publica;A
MA;22;F;Não PPI;Solteiro;393.6;526.2;501.3;417.1;360;Fundamental;B;4;2. 1 a 3 SM;Somente Publica;C
MA;18;F;PPI;Solteiro;390.2;501.3;479;513.5;360;Fundamental;D;4;2. 1 a 3 SM;Somente Publica;B
MA;18;F;PPI;Solteiro;460;556.1;452.1;357.7;460;Não Informado;H;5;2. 1 a 3 SM;Somente Publica;A
MA;41;F;PPI;Solteiro;455.2;591.2;520;342.4;560;Fundamental;C;4;2. 1 a 3 SM;Somente Publica;C
MA;20;M;PPI;Solteiro;410.3;548.1;389.7;403.3;560;Fundamental;G;4;2. 1 a 3 SM;Somente Privada;A
MA;17;F;PPI;Solteiro;441.8;596.3;345.5;416.6;560;Fundamental;D;4;1. Ate 1 SM;Somente Publica;B
MA;18;F;PPI;Solteiro;409.8;451.7;415.5;404.6;400;Não Informado;H;10;2. 1 a 3 SM;Somente Publica;A
MA;31;F;PPI;NA;500;618.1;569.4;501.3;680;Fundamental;D;3;4. 5 a 10 SM;Somente Publica;A
MA;18;F;PPI;Solteiro;534.9;580.2;542;489.5;640;Fundamental;E;3;1. Ate 1 SM;Somente Publica;A
MA;19;F;PPI;Solteiro;424.2;614.6;489.1;414.9;700;Não Informado;G;5;2. 1 a 3 SM;Somente Publica;A
MA;18;F;PPI;Solteiro;404.4;494.4;513.6;428.7;360;Não Informado;H;3;1. Ate 1 SM;Somente Publica;A
MA;19;M;PPI;Solteiro;520.2;652.4;587;556.7;560;Medio;E;8;1. Ate 1 SM;Somente Privada;A
MA;30;F;PPI;Solteiro;420.2;609.4;529.7;499.3;420;Medio;E;5;1. Ate 1 SM;Somente Publica;B
MA;19;F;Não PPI;Solteiro;441.4;617.3;570.7;511.1;680;Fundamental;D;5;2. 1 a 3 SM;Somente Publica;A
MA;19;F;PPI;Solteiro;505.4;605.8;526;602.7;600;Medio;D;4;1. Ate 1 SM;Somente Publica;A
MA;26;F;PPI;Solteiro;390.9;515;469;410.1;360;Fundamental;A;8;1. Ate 1 SM;Somente Publica;C
MA;20;M;PPI;Solteiro;520.5;521.1;471.8;408;440;Não Informado;H;3;1. Ate 1 SM;Somente Publica;A
MA;18;M;Não PPI;Solteiro;545.9;598.2;585.3;665.6;660;Medio;F;3;2. 1 a 3 SM;Somente Publica;A
MA;22;M;PPI;Solteiro;531.3;580.8;379.8;527.1;440;Fundamental;E;3;1. Ate 1 SM;Somente Publica;A
MA;19;F;PPI;Solteiro;391.6;572.8;444.8;391.5;500;Fundamental;D;4;2. 1 a 3 SM;Somente Publica;B
MA;19;M;PPI;Solteiro;457.8;396.4;455.4;333.8;360;Não Informado;H;4;1. Ate 1 SM;Somente Publica;A
MA;17;F;PPI;Solteiro;393.5;373.2;468.6;487.9;520;Não Informado;H;4;2. 1 a 3 SM;Somente Publica;A
MA;18;F;Não PPI;Solteiro;606.5;679.3;638.3;654.2;740;Não Informado;G;5;5. 10 ou mais;Somente Privada;A
MA;22;M;Não PPI;Solteiro;405.1;542.2;404.2;410.2;480;Fundamental;B;3;1. Ate 1 SM;Somente Publica;A
MA;18;F;PPI;Solteiro;431.6;532.7;445;326.6;560;Fundamental;D;5;2. 1 a 3 SM;Somente Publica;A
MA;18;F;PPI;Solteiro;440.3;560.1;549.4;457;680;Fundamental;D;3;1. Ate 1 SM;Somente Publica;A
MA;34;F;PPI;Outro;471.3;637.5;527.1;411.1;780;Fundamental;B;5;1. Ate 1 SM;Somente Publica;A
MA;20;M;PPI;Solteiro;514.8;568.9;502.8;697.1;760;Fundamental;E;3;1. Ate 1 SM;Somente Publica;A
MA;25;F;PPI;Solteiro;488.4;525.8;474.7;425.1;560;Fundamental;C;4;1. Ate 1 SM;Somente Publica;A
MA;22;F;PPI;Solteiro;529.5;448;522.5;379.2;600;Medio;E;5;2. 1 a 3 SM;Somente Publica;A
MA;18;M;Não Informado;Solteiro;485.6;551.5;534;379.6;540;Fundamental;C;5;2. 1 a 3 SM;Somente Publica;A
MA;47;F;PPI;Outro;439.8;540.1;435.3;461.3;520;Fundamental;B;4;2. 1 a 3 SM;Somente Publica;A
MA;27;F;PPI;Solteiro;504.2;580.4;566;414.2;500;Fundamental;B;5;1. Ate 1 SM;Somente Publica;A
MA;19;M;PPI;Solteiro;427.6;428;391.2;366.9;540;Medio;D;4;1. Ate 1 SM;Somente Publica;A
MA;19;M;PPI;Solteiro;524.6;532.1;499.9;389;600;Fundamental;C;5;1. Ate 1 SM;Somente Publica;A
MA;16;M;PPI;Solteiro;498.2;573.6;464.7;651.4;480;Fundamental;D;5;4. 5 a 10 SM;Publica/Privada;A
MA;18;F;PPI;Solteiro;376.1;445.9;382.8;411.1;520;Não Informado;C;5;1. Ate 1 SM;Somente Publica;A
MA;17;M;PPI;Solteiro;479.2;597;514.2;452.3;520;Medio;F;5;3. 3 a 5 SM;Somente Publica;A
MA;23;F;Não PPI;Solteiro;690.4;740.2;610.8;706.7;940;Superior;E;3;3. 3 a 5 SM;Somente Privada;A
MA;36;F;PPI;Solteiro;361.1;392.6;432;379.3;280;Fundamental;A;6;1. Ate 1 SM;Somente Publica;C
MA;18;F;Não PPI;Solteiro;454.4;427.6;410.4;315.2;300;Fundamental;D;5;2. 1 a 3 SM;Publica/Privada;A
MA;19;F;PPI;Solteiro;460;556.3;458.6;377.2;340;Medio;C;3;1. Ate 1 SM;Somente Publica;C
MA;20;F;Não PPI;Solteiro;408.3;624.3;591.6;432.4;660;Medio;E;3;1. Ate 1 SM;Somente Privada;A
MA;17;F;PPI;Solteiro;515.3;577.9;554.2;473;580;Fundamental;D;4;1. Ate 1 SM;Somente Publica;A
MA;20;M;PPI;Solteiro;496;629;527.6;441.8;540;Fundamental;G;4;4. 5 a 10 SM;Somente Privada;A
MA;17;M;Não PPI;Solteiro;429.8;454.7;418.7;474.6;320;Superior;F;5;4. 5 a 10 SM;Somente Publica;A
MA;21;F;PPI;Solteiro;487.3;627.1;607.3;603.8;680;Medio;F;4;2. 1 a 3 SM;Somente Publica;A
MA;28;F;PPI;Solteiro;426.7;540.3;509.6;522.8;500;Fundamental;C;4;1. Ate 1 SM;Somente Publica;A
MA;31;F;PPI;Solteiro;412.8;502.8;468.9;517.5;520;Fundamental;D;3;1. Ate 1 SM;Somente Publica;A
MA;17;F;PPI;Solteiro;542.5;631.2;553.1;509.2;680;Medio;F;5;3. 3 a 5 SM;Somente Publica;A
MA;24;F;Não PPI;Solteiro;398.2;421.9;407;364.7;480;Não Informado;H;7;2. 1 a 3 SM;Somente Publica;B
MA;16;F;PPI;Solteiro;375.8;491.8;424.3;437.5;380;Fundamental;E;5;1. Ate 1 SM;Somente Publica;A
MA;21;M;PPI;Solteiro;545.6;623.5;624.3;724.6;800;Fundamental;E;4;3. 3 a 5 SM;Somente Privada;A
MA;18;M;PPI;Solteiro;447.2;425.7;400.3;380.3;460;Medio;E;7;2. 1 a 3 SM;Somente Privada;A
MA;23;M;PPI;Solteiro;531.9;635.2;360.8;449.4;800;Medio;F;2;2. 1 a 3 SM;Somente Privada;A
MA;20;F;PPI;Solteiro;423.9;588.6;520.1;572;540;Medio;E;4;1. Ate 1 SM;Somente Publica;A
MA;18;F;Não PPI;Solteiro;416.9;549;444.8;410.5;580;Não Informado;H;6;2. 1 a 3 SM;Somente Publica;B
MA;17;M;PPI;Solteiro;522.1;605.6;582.8;531.7;460;Fundamental;E;2;1. Ate 1 SM;Somente Publica;A
MA;17;M;PPI;Solteiro;458.3;444.7;530.1;546.3;540;Fundamental;C;3;2. 1 a 3 SM;Somente Publica;A
MA;17;F;PPI;Solteiro;385.9;435.8;432.4;431.1;560;Fundamental;C;4;1. Ate 1 SM;Somente Publica;C
MA;18;M;PPI;Solteiro;542.8;540.3;534.1;448.3;540;Medio;E;5;2. 1 a 3 SM;Somente Publica;A
MA;17;F;Não PPI;Solteiro;367.2;536.8;462.4;597.2;380;Fundamental;E;5;1. Ate 1 SM;Somente Publica;A
MA;26;M;PPI;Solteiro;540.6;562.1;521.4;452.1;580;Fundamental;C;3;2. 1 a 3 SM;Somente Publica;A
MA;25;F;PPI;Solteiro;494;611.4;546.2;492.2;560;Medio;E;6;2. 1 a 3 SM;Somente Privada;A
MA;21;M;PPI;Solteiro;499;397.5;359.8;343.8;360;Fundamental;C;4;1. Ate 1 SM;Somente Publica;A
MA;22;F;Não PPI;Solteiro;551;636.5;644.7;481.4;740;Medio;E;5;1. Ate 1 SM;Somente Publica;A
MA;17;F;PPI;NA;575.6;591;532.5;488.7;680;Medio;C;4;2. 1 a 3 SM;Somente Privada;A
MA;41;M;PPI;Outro;413;478.2;478.4;325;460;Não Informado;A;5;2. 1 a 3 SM;Somente Publica;C
MA;41;F;PPI;Outro;482.9;645.1;551.8;418;520;Fundamental;B;2;1. Ate 1 SM;Somente Publica;C
MA;19;F;PPI;Solteiro;384.6;416.4;432.4;446.4;360;Medio;F;4;1. Ate 1 SM;Somente Publica;A
MA;20;F;PPI;Solteiro;434.4;534.9;471.2;367.5;440;Fundamental;C;4;1. Ate 1 SM;Somente Publica;A
MA;22;M;PPI;Solteiro;434.4;576.6;549;360.6;680;Fundamental;D;5;2. 1 a 3 SM;Somente Publica;B
MA;17;M;PPI;Solteiro;432.4;505.5;390.8;510.4;320;Fundamental;E;6;2. 1 a 3 SM;Somente Publica;A
MA;23;M;PPI;Outro;475;527.4;442.1;346.2;460;Fundamental;D;4;1. Ate 1 SM;Somente Publica;A
MA;23;M;PPI;Solteiro;504.7;670.6;625.8;630.9;680;Medio;E;4;2. 1 a 3 SM;Somente Publica;A
MA;18;M;PPI;Solteiro;606.8;651.2;500.4;453.5;400;Fundamental;D;4;1. Ate 1 SM;Somente Publica;A
MA;19;F;PPI;Solteiro;492.4;547.3;455.1;334.2;420;Fundamental;E;4;2. 1 a 3 SM;Somente Publica;A
MA;26;F;PPI;Solteiro;483.3;488.3;501;501.7;680;Medio;F;4;5. 10 ou mais;Somente Privada;A
MA;20;M;PPI;Solteiro;529.9;609.8;575.7;521.8;600;Medio;E;4;1. Ate 1 SM;Somente Publica;C
MA;23;F;PPI;Solteiro;523.9;370;435.7;388.5;540;Medio;E;7;2. 1 a 3 SM;Somente Publica;A
MA;17;M;PPI;Solteiro;469.8;562.7;490.4;459.9;480;Medio;E;5;1. Ate 1 SM;Somente Publica;A
MA;22;F;PPI;Solteiro;418.4;576.7;515.2;475.3;600;Fundamental;E;5;2. 1 a 3 SM;Somente Publica;A
MA;55;M;PPI;Outro;427.8;464.5;344;458.6;660;Não Informado;B;2;2. 1 a 3 SM;Somente Publica;A
MA;35;F;PPI;Outro;466.5;491.8;378.2;358.8;360;Fundamental;B;2;2. 1 a 3 SM;Somente Publica;C
MA;24;F;PPI;Outro;403.8;497.1;388.7;329.3;460;Não Informado;B;3;1. Ate 1 SM;Somente Publica;A
MA;20;M;Não PPI;Solteiro;382.1;468.3;470.7;347.5;300;Fundamental;D;6;2. 1 a 3 SM;Publica/Privada;B
MA;25;F;PPI;Solteiro;385;408.6;424.2;331.5;320;Fundamental;B;9;1. Ate 1 SM;Somente Publica;C
MA;22;F;PPI;Solteiro;439.6;482.8;518;354;520;Fundamental;B;2;2. 1 a 3 SM;Somente Publica;A
MA;32;M;PPI;Solteiro;468.8;509.7;361.7;535.5;360;Fundamental;A;3;1. Ate 1 SM;Somente Publica;A
MA;19;F;PPI;Solteiro;516.3;662;608;456.1;520;Fundamental;E;1;2. 1 a 3 SM;Publica/Privada;A
MA;18;F;PPI;Solteiro;436.9;596.1;507.1;499.5;620;Medio;E;6;1. Ate 1 SM;Somente Publica;A
MA;34;M;PPI;Outro;461.5;572.1;442.5;665.6;620;Fundamental;B;5;3. 3 a 5 SM;Somente Publica;C
MA;20;F;PPI;Solteiro;447.8;562.4;455;411;660;Fundamental;A;4;1. Ate 1 SM;Somente Publica;A
MA;19;F;PPI;Solteiro;501.8;603.5;540.1;448;760;Fundamental;D;5;1. Ate 1 SM;Somente Publica;A
MA;17;M;PPI;Solteiro;585.1;624.6;561;495.1;720;Medio;E;6;1. Ate 1 SM;Somente Privada;A
MA;21;M;Não PPI;Solteiro;386.4;582.3;584.3;443.9;500;Medio;F;3;2. 1 a 3 SM;Somente Publica;A
MA;18;F;PPI;Solteiro;466.2;554.7;466.2;351.3;540;Não Informado;C;3;1. Ate 1 SM;Somente Publica;A
MA;20;F;PPI;Solteiro;593.6;686.7;654.5;670.4;820;Não Informado;E;5;2. 1 a 3 SM;Somente Privada;A
MA;18;M;PPI;Solteiro;476.3;560.1;569.6;366;560;Fundamental;C;5;1. Ate 1 SM;Somente Publica;A
MA;19;M;PPI;Solteiro;379;541.2;492.6;476.6;460;Fundamental;D;5;1. Ate 1 SM;Publica/Privada;A
MA;28;F;PPI;Solteiro;390.8;571.3;448.7;331.5;440;Medio;D;2;1. Ate 1 SM;Somente Publica;A
MA;19;F;Não PPI;Solteiro;510.7;574.3;570.6;457.2;560;Fundamental;C;5;3. 3 a 5 SM;Somente Publica;A
MA;17;M;PPI;Solteiro;507.1;684.9;663;701.1;840;Fundamental;D;4;2. 1 a 3 SM;Somente Publica;A
MA;20;F;Não PPI;Solteiro;342.9;420.3;338.7;335.2;360;Fundamental;B;13;1. Ate 1 SM;Somente Publica;A
MA;18;F;PPI;Solteiro;405.6;537;494.5;369.3;560;Medio;B;5;1. Ate 1 SM;Somente Publica;A
MA;22;F;PPI;Solteiro;406.4;431.3;452.5;371.1;340;Fundamental;A;5;1. Ate 1 SM;Somente Publica;A
MA;28;F;PPI;Outro;406.1;558.7;499.5;354.5;560;Fundamental;B;7;2. 1 a 3 SM;Somente Publica;C
MA;18;F;Não PPI;Solteiro;549.8;580.9;536.8;534.8;600;Medio;E;3;2. 1 a 3 SM;Somente Privada;A
MA;25;M;PPI;Outro;436.4;586.2;454;384.5;600;Fundamental;B;4;1. Ate 1 SM;Somente Publica;C
MA;22;F;PPI;Outro;487;447;476.7;384.4;440;Fundamental;A;5;1. Ate 1 SM;Somente Publica;A
MA;19;M;PPI;Solteiro;451.9;544.9;488.1;516.3;560;Fundamental;E;4;1. Ate 1 SM;Somente Publica;A
MA;44;M;PPI;Solteiro;439.2;595.5;485.1;522.1;480;Fundamental;B;6;1. Ate 1 SM;Somente Publica;A
MA;20;F;Não PPI;Solteiro;414.1;480.7;480.8;386.3;440;Não Informado;H;7;2. 1 a 3 SM;Somente Publica;B
MA;22;F;PPI;Solteiro;424.2;531.1;496.2;330.5;480;Fundamental;B;4;2. 1 a 3 SM;Somente Publica;A
MA;36;F;PPI;Outro;498.9;525.1;500.5;324.3;500;Medio;F;6;2. 1 a 3 SM;Somente Publica;C
MA;18;M;PPI;Solteiro;412.7;511.6;456.4;504.7;640;Não Informado;H;4;2. 1 a 3 SM;Somente Publica;A
MA;19;F;PPI;NA;484.9;435.4;420.6;394.1;360;Não Informado;B;6;1. Ate 1 SM;Somente Publica;C
MA;20;F;PPI;Solteiro;458.9;568.4;527.6;397.2;700;Fundamental;D;7;1. Ate 1 SM;Somente Publica;A
MA;21;F;PPI;Solteiro;469.9;553.4;460.5;423.2;580;Fundamental;D;10;1. Ate 1 SM;Somente Publica;A
MA;17;F;PPI;Solteiro;491;580.8;520.4;451.2;560;Superior;G;4;2. 1 a 3 SM;Somente Publica;A
MA;17;F;PPI;Solteiro;396.2;448.6;421;331.6;460;Fundamental;D;4;1. Ate 1 SM;Somente Publica;A
MA;18;F;PPI;Solteiro;432.9;413.4;433.3;485.7;480;Medio;D;6;1. Ate 1 SM;Somente Privada;A
MA;21;F;Não PPI;Solteiro;366.2;515.5;518.8;382;480;Não Informado;E;5;1. Ate 1 SM;Somente Publica;B
MA;24;F;PPI;Solteiro;417.7;564.5;475.6;420.2;480;Fundamental;A;6;2. 1 a 3 SM;Somente Publica;C
MA;25;F;PPI;Solteiro;552.3;565.5;530.7;501.5;620;Fundamental;B;4;1. Ate 1 SM;Somente Publica;A
MA;19;M;PPI;Solteiro;418.7;532.9;460.9;408.1;340;Não Informado;C;4;2. 1 a 3 SM;Somente Publica;A
MA;45;M;Não PPI;Outro;566.9;630.8;579.3;565.7;580;Medio;D;3;4. 5 a 10 SM;Somente Publica;A
MA;32;F;PPI;Solteiro;543.2;594.4;583;406.7;540;Fundamental;G;3;4. 5 a 10 SM;Publica/Privada;A
MA;20;F;PPI;Solteiro;567.4;613.8;527.9;595.5;760;Fundamental;E;5;1. Ate 1 SM;Publica/Privada;A
MA;19;M;PPI;Solteiro;524.6;644.2;561;636.2;620;Medio;E;4;1. Ate 1 SM;Publica/Privada;A
MA;17;M;PPI;Solteiro;455.9;351.7;380;345.9;0;Fundamental;A;4;1. Ate 1 SM;Somente Publica;A
MA;18;F;PPI;Solteiro;496.6;542.8;414;324.6;560;Fundamental;D;6;2. 1 a 3 SM;Somente Publica;A
MA;19;M;PPI;Solteiro;470.3;549.7;507.4;395.7;480;Medio;E;6;3. 3 a 5 SM;Somente Publica;A
MA;17;M;PPI;Solteiro;444.5;473.3;487.6;548.4;600;Fundamental;E;6;1. Ate 1 SM;Somente Privada;A
MA;45;M;Não PPI;Outro;592.1;614.6;534.2;398.7;660;Fundamental;B;2;1. Ate 1 SM;Somente Privada;A
MA;25;F;PPI;Solteiro;422.1;608.2;441.3;376;420;Fundamental;E;3;1. Ate 1 SM;Somente Publica;B
MA;22;M;PPI;Solteiro;487.4;622;582.3;426.7;640;Fundamental;C;5;2. 1 a 3 SM;Somente Publica;A
MA;22;M;PPI;Solteiro;478.5;539.9;553.9;412;620;Medio;E;6;2. 1 a 3 SM;Somente Publica;A
MA;20;F;PPI;Solteiro;414.3;440.2;429.1;412.2;420;Não Informado;H;4;1. Ate 1 SM;Somente Publica;A
MA;19;M;PPI;Solteiro;425.3;506.3;409.3;421.2;380;Medio;E;5;2. 1 a 3 SM;Publica/Privada;B
MA;25;F;Não PPI;Solteiro;406.3;550.5;519.5;368.3;500;Fundamental;D;4;2. 1 a 3 SM;Publica/Privada;A
MA;23;F;PPI;Solteiro;426.6;529.3;454.9;339;620;Fundamental;G;5;2. 1 a 3 SM;Somente Publica;A
MA;20;F;PPI;Solteiro;451.7;604.7;529.9;613.8;560;Medio;E;5;2. 1 a 3 SM;Somente Privada;A
MA;19;F;PPI;Solteiro;476.1;537.7;458.5;361.5;440;Fundamental;C;6;1. Ate 1 SM;Somente Publica;A
MA;21;F;PPI;Outro;411;590;583.4;330.2;620;Fundamental;A;6;1. Ate 1 SM;Somente Publica;A
MA;20;F;PPI;Solteiro;403;456.2;319.1;382.7;380;Não Informado;H;6;1. Ate 1 SM;Somente Publica;A
MA;23;F;PPI;Outro;472.6;619.4;542.2;332.1;680;Fundamental;C;3;1. Ate 1 SM;Publica/Privada;A
MA;17;M;PPI;Solteiro;421.3;526.2;455;451.5;600;Fundamental;G;5;4. 5 a 10 SM;Somente Publica;A
MA;17;F;PPI;Solteiro;487.9;610.2;525.2;511.7;460;Não Informado;H;2;2. 1 a 3 SM;Somente Publica;A
MA;20;M;PPI;Solteiro;434.1;630.4;619.5;401.3;600;Medio;E;4;2. 1 a 3 SM;Publica/Privada;B
MA;20;F;PPI;Solteiro;430.9;499.6;443.8;420.9;480;Fundamental;B;5;1. Ate 1 SM;Somente Publica;A
MA;24;F;PPI;Solteiro;416.3;595.6;467.1;336.5;580;Fundamental;C;5;2. 1 a 3 SM;Somente Publica;C
MA;20;F;Não PPI;NA;380;438.6;458;332.2;480;Fundamental;B;5;1. Ate 1 SM;Somente Publica;C
MA;17;M;Não PPI;Solteiro;468;439;382.9;324.3;560;Fundamental;B;6;1. Ate 1 SM;Somente Publica;A
MA;24;F;PPI;Solteiro;508;555;546.7;444.3;580;Fundamental;E;4;2. 1 a 3 SM;Somente Publica;A
MA;21;F;PPI;Solteiro;503;582.5;502.3;452.7;600;Fundamental;D;6;1. Ate 1 SM;Somente Publica;A
MA;18;F;PPI;Solteiro;439.4;571.5;450.6;386.4;480;Fundamental;D;4;2. 1 a 3 SM;Somente Publica;A
MA;25;M;PPI;Solteiro;440.1;426.5;460.8;403.3;420;Medio;E;4;2. 1 a 3 SM;Somente Publica;A
MA;17;F;PPI;Solteiro;434.5;600.1;490.7;396.8;500;Fundamental;G;4;2. 1 a 3 SM;Publica/Privada;A
MA;18;F;PPI;Solteiro;390.1;549.6;470.6;446.2;380;Superior;G;4;1. Ate 1 SM;Somente Publica;A
MA;28;M;PPI;Solteiro;382.8;365.1;433.4;431.7;560;Fundamental;E;4;1. Ate 1 SM;Somente Publica;B
MA;51;F;PPI;Outro;472.6;573.6;525.1;383.9;700;Medio;D;4;5. 10 ou mais;Publica/Privada;A
MA;19;F;PPI;Solteiro;507.1;619.4;477.3;528.2;760;Medio;E;2;2. 1 a 3 SM;Publica/Privada;A
MA;20;F;PPI;Solteiro;453.7;475.5;457.9;331.3;700;Fundamental;B;3;1. Ate 1 SM;Somente Publica;B
MA;19;M;PPI;Solteiro;399.3;490.9;470.9;546.6;560;Não Informado;H;7;1. Ate 1 SM;Somente Publica;A
MA;17;F;PPI;Solteiro;392.8;607.1;538.5;473.5;620;Fundamental;E;3;2. 1 a 3 SM;Somente Publica;A
MA;17;F;PPI;Solteiro;539.5;481.5;484.7;464.1;500;Superior;C;3;1. Ate 1 SM;Somente Publica;C
MA;18;M;PPI;Solteiro;455.2;561.9;526.1;481.3;640;Medio;E;5;1. Ate 1 SM;Somente Publica;A
MA;17;M;PPI;Solteiro;542.9;599.8;563.8;537.8;560;Fundamental;D;3;1. Ate 1 SM;Somente Privada;A
MA;17;F;PPI;Solteiro;512.6;600.8;562.5;628;680;Medio;E;4;2. 1 a 3 SM;Somente Publica;A
MA;20;M;PPI;Solteiro;398.2;409.6;378;340.5;360;Fundamental;C;2;1. Ate 1 SM;Somente Publica;A
MA;29;F;PPI;Solteiro;515.8;665.3;651.6;386.1;720;Fundamental;A;5;3. 3 a 5 SM;Somente Publica;B
MA;28;F;PPI;Outro;522.3;596.3;551.8;541.6;600;Fundamental;C;5;2. 1 a 3 SM;Somente Publica;C
MA;33;F;PPI;Solteiro;406.9;531.7;342.2;421;440;Fundamental;D;5;1. Ate 1 SM;Somente Publica;A
MA;24;F;PPI;Solteiro;476.6;568.9;538;387.8;620;Fundamental;A;5;1. Ate 1 SM;Somente Publica;B
MA;18;F;PPI;Solteiro;500.9;564.1;489.3;430.9;620;Não Informado;H;6;3. 3 a 5 SM;Publica/Privada;A
MA;23;F;PPI;Solteiro;441.5;525;503.2;323.5;420;Medio;G;11;3. 3 a 5 SM;Somente Publica;A
MA;28;M;PPI;Solteiro;454.4;529.1;464.5;355.2;500;Medio;C;4;4. 5 a 10 SM;Somente Publica;A
MA;39;M;PPI;Outro;568.7;661.5;590.5;466.9;500;Fundamental;D;3;2. 1 a 3 SM;Publica/Privada;A
MA;20;M;PPI;Solteiro;512.9;424.7;417.6;420.9;440;Fundamental;D;7;1. Ate 1 SM;Somente Publica;B
MA;18;M;PPI;Solteiro;556.1;601.6;535.8;681.8;620;Medio;E;4;2. 1 a 3 SM;Somente Publica;A
MA;17;M;PPI;Solteiro;592.2;691.1;615;584.5;800;Medio;E;3;2. 1 a 3 SM;Somente Publica;A
MA;38;F;PPI;Outro;447.2;594.1;522.5;352.5;580;Fundamental;B;4;2. 1 a 3 SM;Somente Publica;A
MA;20;M;Não PPI;Solteiro;416.9;573.7;364;376.1;520;Fundamental;E;5;1. Ate 1 SM;Somente Publica;A
MA;20;M;PPI;Solteiro;420.7;637.6;534;418.9;480;Medio;E;5;1. Ate 1 SM;Somente Publica;A
MA;20;F;PPI;Solteiro;431.4;457.8;406.8;426.1;540;Fundamental;B;6;1. Ate 1 SM;Somente Publica;C
MA;16;M;Não PPI;Solteiro;433.7;520.3;446;383.1;320;Superior;G;5;4. 5 a 10 SM;Somente Publica;B
MA;37;F;PPI;Outro;477.5;415.4;364.8;385.3;620;Fundamental;B;6;1. Ate 1 SM;Somente Publica;A
MA;20;M;PPI;Solteiro;391.5;442.2;419.2;387;380;Fundamental;B;3;2. 1 a 3 SM;Somente Publica;C
MA;16;M;PPI;Solteiro;404.2;488;502.9;386.8;540;Fundamental;D;5;1. Ate 1 SM;Somente Publica;A
MA;22;F;PPI;Solteiro;484.5;547.7;515.3;472.9;440;Fundamental;E;4;1. Ate 1 SM;Somente Publica;A
MA;29;F;PPI;Solteiro;468.5;577.8;577.5;452.6;700;Fundamental;D;6;2. 1 a 3 SM;Publica/Privada;C
MA;17;F;PPI;Solteiro;572;597.3;624.2;462.4;620;Fundamental;E;8;2. 1 a 3 SM;Somente Privada;A
MA;28;M;PPI;NA;567.2;645.7;558.8;657.3;440;Fundamental;B;3;1. Ate 1 SM;Somente Publica;A
MA;22;M;PPI;Solteiro;397.6;589.5;555.1;403.5;0;Fundamental;E;4;2. 1 a 3 SM;Somente Publica;A
MA;19;M;Não PPI;Solteiro;507.4;615.8;561.8;476.5;500;Fundamental;B;2;2. 1 a 3 SM;Somente Publica;A
MA;26;F;PPI;Outro;473.7;544;460.7;389.5;280;Fundamental;B;3;1. Ate 1 SM;Somente Publica;A
MA;27;F;PPI;Solteiro;490;520.1;470.3;405.7;520;Fundamental;C;5;2. 1 a 3 SM;Somente Publica;A
MA;20;M;PPI;Solteiro;346.4;485.3;500.8;388.5;640;Fundamental;F;5;2. 1 a 3 SM;Publica/Privada;A
MA;39;F;PPI;Solteiro;475.6;556.4;492.6;404.9;400;Fundamental;C;5;1. Ate 1 SM;Somente Publica;A
MA;20;F;PPI;Solteiro;518.2;588.3;423.3;447.3;520;Fundamental;E;6;2. 1 a 3 SM;Somente Publica;A
MA;17;F;PPI;Solteiro;425.5;542.4;478.3;354.1;480;Não Informado;A;3;1. Ate 1 SM;Somente Publica;A
MA;21;F;PPI;Solteiro;464.2;573.3;480.6;428.6;680;Fundamental;C;3;1. Ate 1 SM;Somente Publica;B
MA;22;F;PPI;Solteiro;401.5;360.9;463.7;323.5;540;Fundamental;C;4;2. 1 a 3 SM;Somente Publica;A
MA;18;M;PPI;Solteiro;462.1;566.1;559.1;429.2;540;Fundamental;B;3;1. Ate 1 SM;Somente Publica;A
MA;18;F;PPI;Solteiro;369.6;532.2;393.2;451.9;580;Fundamental;C;4;1. Ate 1 SM;Somente Privada;A
MA;20;M;PPI;Solteiro;382.1;492.1;410.8;399.4;320;Medio;E;4;1. Ate 1 SM;Somente Publica;B
MA;36;M;PPI;Outro;421.4;530.2;507.3;326.9;680;Fundamental;D;5;1. Ate 1 SM;Somente Publica;C
MA;21;M;PPI;Solteiro;482.5;571.9;554.8;460.9;540;Medio;E;4;2. 1 a 3 SM;Somente Publica;A
MA;18;M;PPI;Solteiro;416.1;581.2;540.8;412.3;600;Fundamental;E;7;2. 1 a 3 SM;Somente Publica;A
MA;18;F;PPI;Solteiro;412.7;522.2;479;478.9;520;Medio;D;5;1. Ate 1 SM;Somente Publica;A
MA;21;F;PPI;Solteiro;533.6;515.7;599;464.3;580;Medio;E;5;1. Ate 1 SM;Somente Publica;A
MA;20;F;Não PPI;Solteiro;493.7;484.3;419.3;372.9;400;Medio;E;8;2. 1 a 3 SM;Somente Publica;B
MA;22;F;PPI;Solteiro;396.1;421.2;333;387.6;480;Fundamental;E;7;1. Ate 1 SM;Somente Publica;A
MA;20;F;PPI;Solteiro;665.9;689.2;597.2;544.5;920;Medio;G;7;2. 1 a 3 SM;Somente Privada;A
MA;17;F;PPI;Solteiro;413.8;382.4;407.9;377.1;320;Fundamental;B;8;1. Ate 1 SM;Somente Publica;A
MA;37;F;PPI;Solteiro;428.7;516.6;550.7;375.2;560;Fundamental;D;10;2. 1 a 3 SM;Somente Publica;A
MA;19;F;PPI;Solteiro;501.7;631.3;606.3;466.7;480;Fundamental;C;3;2. 1 a 3 SM;Somente Publica;A
MA;19;F;PPI;Solteiro;452.3;500.7;496.7;344;540;Medio;D;5;2. 1 a 3 SM;Somente Publica;A
MA;19;F;Não PPI;Solteiro;393.5;582.8;511.5;408.4;560;Fundamental;C;4;1. Ate 1 SM;Somente Publica;A
MA;21;M;PPI;Solteiro;437.6;584.2;458.5;392.8;520;Fundamental;E;2;2. 1 a 3 SM;Publica/Privada;B
MA;18;M;PPI;Solteiro;386.2;527.5;435.2;367.8;560;Fundamental;C;8;1. Ate 1 SM;Somente Publica;A
MA;21;M;Não Informado;Solteiro;660.3;720.6;679.1;671;680;Medio;G;5;4. 5 a 10 SM;Somente Privada;A
MA;46;M;PPI;Outro;421.2;538.3;415.1;385;360;Fundamental;A;4;2. 1 a 3 SM;Somente Publica;A
MA;40;F;Não PPI;Outro;365.1;461.5;424.1;378.1;0;Fundamental;F;3;1. Ate 1 SM;Somente Publica;C
MA;27;F;PPI;Solteiro;389;586.2;538;472.8;540;Fundamental;E;5;3. 3 a 5 SM;Somente Publica;A
MA;25;F;PPI;NA;612.4;637.5;662.7;512.8;940;Fundamental;F;4;2. 1 a 3 SM;Somente Publica;A
MA;31;M;Não PPI;Solteiro;492.6;602.8;530.2;563.2;600;Medio;E;3;3. 3 a 5 SM;Publica/Privada;A
MA;17;F;PPI;Solteiro;478.6;524.1;444.5;428.3;700;Medio;F;6;1. Ate 1 SM;Somente Publica;A
MA;28;F;PPI;Solteiro;381.7;449.2;502.2;431.1;440;Fundamental;C;5;2. 1 a 3 SM;Somente Publica;A
MA;17;M;PPI;Solteiro;498.4;580.4;584.4;517.2;720;Fundamental;E;4;2. 1 a 3 SM;Somente Publica;A
MA;33;F;PPI;Solteiro;453.3;511.5;502.7;428.1;560;Fundamental;B;5;2. 1 a 3 SM;Somente Publica;A
MA;17;F;PPI;Solteiro;406.2;424.6;482.1;383.8;660;Fundamental;C;8;1. Ate 1 SM;Somente Publica;A
MA;27;F;PPI;Solteiro;452.2;546.9;414.1;339.7;600;Fundamental;C;3;1. Ate 1 SM;Somente Publica;A
